Volume of imports of major arms by all recipients  1950-2025;
Figures are in millions of SIPRI trend-indicator values (TIVs).
A '0' indicates that the volume of deliveries is between 0 and 0.5 million SIPRI TIV. An empty field indicates that no deliveries have been identified.
Figures may not add up to stated totals due to the conventions of rounding.
For the method used for the SIPRI TIV see <https://www.sipri.org/databases/armstransfers/sources-and-methods>.

Source: SIPRI Arms Transfers Database (c) SIPRI.
Data generated: 14 Jul 2026 11:08:14 PM

,,,,,,,,,,,,,,,,,,,,,,,,,,,,,,,,,,,,,,,,,,,,,,,,,,,,,,,,,,,,,,,,,,,,,,,,,,,,,,,,,,,,,,,,,,,,,,,,,,,,,,,,,,,,,,,,,,,,,,,,,,,,,,,,,,,,,,,,,,,,,,,,,,,,,,,,,,,,,,,,,,,
,Rank 1950-2025,,Recipient,1950,1951,1952,1953,1954,1955,1956,1957,1958,1959,1960,1961,1962,1963,1964,1965,1966,1967,1968,1969,1970,1971,1972,1973,1974,1975,1976,1977,1978,1979,1980,1981,1982,1983,1984,1985,1986,1987,1988,1989,1990,1991,1992,1993,1994,1995,1996,1997,1998,1999,2000,2001,2002,2003,2004,2005,2006,2007,2008,2009,2010,2011,2012,2013,2014,2015,2016,2017,2018,2019,2020,2021,2022,2023,2024,2025,1950-2025, Share of global arms imports,,,,,,,,,,,,,,,,,,,,,,,,,,,,,,,,,,,,,,,,,,,,,,,,,,,,,,,,,,,,,,,,,,,,,,,,,,,,,,,,,,
,1,,India,140,253,103,401,334,396,305,925,1069,902,544,1148,402,695,794,1004,961,1132,1372,1366,963,2019,2093,1511,1331,1528,1942,2375,1195,1200,1768,2124,2649,2641,2434,2996,4240,3919,3854,3676,2832,1875,1189,737,873,1358,831,1683,797,1216,988,1050,1902,2798,2246,1202,1487,2300,1643,1958,2897,3625,4506,5302,3282,2733,2651,2682,1982,3202,2670,3958,2701,1540,1603,2863,139866,6.6%,,,,,,,,,,,,,,,,,,,,,,,,,,,,,,,,,,,,,,,,,,,,,,,,,,,,,,,,,,,,,,,,,,,,,,,,,,,,,,,,,,
,2,,China,2626,2246,3478,3143,3499,1804,2266,2143,2795,3176,2357,952,415,450,485,257,225,144,180,,1,1,1,1,1,1,1,72,83,8,4,,5,16,62,104,11,47,97,163,267,439,1184,1230,304,701,1496,940,375,1722,2473,2755,2830,2326,3236,3467,2831,1699,1784,1382,940,1033,1542,1221,1033,1190,1209,1546,2254,1571,775,685,646,428,71,207,83110,3.9%,,,,,,,,,,,,,,,,,,,,,,,,,,,,,,,,,,,,,,,,,,,,,,,,,,,,,,,,,,,,,,,,,,,,,,,,,,,,,,,,,,
,3,,Saudi Arabia,0,,7,1,0,18,10,108,14,6,6,8,22,,5,48,227,222,448,416,87,10,130,202,547,372,702,1019,1014,767,1085,1816,2223,1819,824,1314,2842,2010,784,1382,2041,1039,1150,2353,981,985,1727,2791,2889,1579,104,59,559,158,1157,166,207,229,389,828,1109,1176,835,1686,2717,3474,2909,3852,2944,3033,2241,1747,3053,1326,1238,3042,80286,3.8%,,,,,,,,,,,,,,,,,,,,,,,,,,,,,,,,,,,,,,,,,,,,,,,,,,,,,,,,,,,,,,,,,,,,,,,,,,,,,,,,,,
,4,,Egypt,152,46,1,2,135,729,1203,998,394,273,164,544,685,741,851,962,1540,2241,1276,1242,1983,1982,3255,2607,1108,566,159,410,136,631,1016,1195,2508,1695,1506,955,1465,1634,449,319,563,887,973,1258,2027,1704,969,1051,483,517,833,824,717,633,660,833,695,660,326,95,689,653,308,719,430,1443,1653,2480,1637,1088,1398,1299,742,1152,128,697,72979,3.4%,,,,,,,,,,,,,,,,,,,,,,,,,,,,,,,,,,,,,,,,,,,,,,,,,,,,,,,,,,,,,,,,,,,,,,,,,,,,,,,,,,
,5,,Japan,,,8,223,280,412,765,1023,1178,666,790,335,263,239,1716,1155,324,610,557,488,502,605,493,468,733,1597,1475,788,901,920,1029,1308,1444,1692,2051,1966,1893,1942,1998,2283,2682,2940,2519,2130,1016,1255,876,843,1489,1257,497,427,442,458,399,375,469,553,990,990,658,300,239,341,316,343,332,446,764,992,929,1009,1466,852,1043,1715,71473,3.4%,,,,,,,,,,,,,,,,,,,,,,,,,,,,,,,,,,,,,,,,,,,,,,,,,,,,,,,,,,,,,,,,,,,,,,,,,,,,,,,,,,
,6,,Germany,,,,,,16,1560,2230,2774,1482,2036,2093,2501,3312,3828,3515,3387,1385,1249,1233,1257,2240,796,1721,2141,1831,1357,1012,661,65,150,261,453,434,412,130,322,340,447,701,757,750,716,529,417,222,244,60,618,129,113,133,71,70,245,206,413,46,277,329,301,79,140,103,77,119,55,43,14,38,105,235,269,203,240,1632,59329,2.8%,,,,,,,,,,,,,,,,,,,,,,,,,,,,,,,,,,,,,,,,,,,,,,,,,,,,,,,,,,,,,,,,,,,,,,,,,,,,,,,,,,
,7,,Turkiye,100,119,337,171,172,445,307,616,532,904,581,322,266,586,839,603,525,593,418,628,396,941,1094,790,1279,640,358,293,984,917,486,726,478,503,549,678,472,1429,1628,1026,1241,1285,1872,2326,1888,1564,1488,1509,2623,1734,1181,501,878,327,252,1076,524,675,623,714,469,794,1482,769,1529,446,324,427,476,742,110,249,187,679,381,381,58454,2.7%,,,,,,,,,,,,,,,,,,,,,,,,,,,,,,,,,,,,,,,,,,,,,,,,,,,,,,,,,,,,,,,,,,,,,,,,,,,,,,,,,,
,8,,South Korea,170,177,239,229,232,277,386,217,192,180,122,113,65,214,332,632,578,137,359,586,100,250,413,269,458,661,556,1199,399,1323,877,872,673,496,524,760,857,773,1237,1835,1201,908,782,1011,1005,1952,1971,1219,1417,1638,1393,768,519,767,1061,801,1658,1730,1691,798,1299,1568,1077,189,742,268,1038,962,1030,1605,1273,812,423,218,1031,222,58013,2.7%,,,,,,,,,,,,,,,,,,,,,,,,,,,,,,,,,,,,,,,,,,,,,,,,,,,,,,,,,,,,,,,,,,,,,,,,,,,,,,,,,,
,9,,Iraq,,,59,50,17,57,99,41,188,174,176,130,278,201,321,248,341,364,392,418,185,187,645,1846,1425,1113,1137,1073,1796,1395,2252,2580,3259,3375,4581,3909,3393,3474,1918,1513,818,,,,,,,,,,,,,,49,195,306,299,379,418,480,623,523,375,629,1488,1831,945,454,144,5,,55,30,80,55,54790,2.6%,,,,,,,,,,,,,,,,,,,,,,,,,,,,,,,,,,,,,,,,,,,,,,,,,,,,,,,,,,,,,,,,,,,,,,,,,,,,,,,,,,
,10,,United States,313,595,775,1215,1796,1792,1971,1211,591,546,181,198,236,283,358,170,89,88,62,50,38,578,769,656,586,388,499,384,369,253,380,531,248,463,381,655,424,1998,1788,1783,363,515,540,968,951,809,601,610,262,220,333,508,515,630,596,582,706,842,936,939,969,937,1138,767,568,482,447,504,379,882,806,922,846,891,1053,745,50451,2.4%,,,,,,,,,,,,,,,,,,,,,,,,,,,,,,,,,,,,,,,,,,,,,,,,,,,,,,,,,,,,,,,,,,,,,,,,,,,,,,,,,,
,11,,Poland,195,590,804,1037,1980,1060,710,1105,1093,1031,889,864,685,1020,1572,1162,1004,781,927,992,859,1009,958,1110,1060,887,1102,1023,1186,1187,1119,804,709,536,466,925,1389,1036,903,501,226,76,100,4,74,250,101,,,23,146,31,253,347,223,105,442,969,633,193,174,141,227,146,275,127,45,126,50,213,153,68,414,1391,1542,2169,49727,2.3%,,,,,,,,,,,,,,,,,,,,,,,,,,,,,,,,,,,,,,,,,,,,,,,,,,,,,,,,,,,,,,,,,,,,,,,,,,,,,,,,,,
,12,,Israel,53,97,73,68,2,120,754,132,141,222,164,88,279,368,415,447,460,229,926,1365,1189,1413,963,2182,1032,1184,2004,1227,1224,709,1253,1663,866,475,270,295,1178,1080,582,24,81,1210,1335,716,767,372,105,67,1302,1277,389,116,350,189,846,1103,1125,840,680,162,76,86,137,160,549,694,652,565,491,516,379,458,833,863,237,537,47478,2.2%,,,,,,,,,,,,,,,,,,,,,,,,,,,,,,,,,,,,,,,,,,,,,,,,,,,,,,,,,,,,,,,,,,,,,,,,,,,,,,,,,,
,13,,Iran,20,6,0,1,20,35,29,54,93,75,141,75,83,105,139,496,601,553,917,950,899,2099,1375,2051,2855,5229,4653,5482,3724,526,278,487,499,466,562,639,805,807,469,194,444,990,406,960,451,289,608,172,374,321,417,526,435,283,117,53,418,325,57,92,87,89,39,14,14,11,413,3,3,3,2,,,21,42,,46968,2.2%,,,,,,,,,,,,,,,,,,,,,,,,,,,,,,,,,,,,,,,,,,,,,,,,,,,,,,,,,,,,,,,,,,,,,,,,,,,,,,,,,,
,14,,Australia,464,367,399,151,125,637,463,460,549,422,116,155,460,369,539,920,707,770,557,702,230,310,63,713,898,108,91,278,1029,197,409,449,134,637,635,510,815,594,745,695,356,219,364,448,262,64,597,35,542,678,326,1215,638,765,447,458,721,618,430,805,1558,1582,787,220,848,1445,1012,1664,1553,1159,1632,1218,809,376,1077,826,46623,2.2%,,,,,,,,,,,,,,,,,,,,,,,,,,,,,,,,,,,,,,,,,,,,,,,,,,,,,,,,,,,,,,,,,,,,,,,,,,,,,,,,,,
,15,,Pakistan,170,169,145,95,95,152,187,537,336,313,46,41,84,225,96,222,592,151,415,542,422,553,664,177,225,223,276,271,655,697,900,491,544,784,863,751,280,617,412,974,635,511,352,992,862,368,506,691,699,867,175,412,566,645,471,427,324,693,1072,1195,2232,1178,1024,1112,877,771,872,870,893,654,624,984,1529,2199,1068,706,45446,2.1%,,,,,,,,,,,,,,,,,,,,,,,,,,,,,,,,,,,,,,,,,,,,,,,,,,,,,,,,,,,,,,,,,,,,,,,,,,,,,,,,,,
,16,,Taiwan,,98,304,383,308,622,252,380,718,921,472,108,146,320,347,494,326,477,293,588,588,352,245,329,372,344,484,792,779,522,513,778,788,723,433,647,960,585,646,352,465,651,475,1157,858,1318,1405,4746,3967,1736,592,342,291,112,316,695,503,13,11,36,71,173,411,614,1082,535,93,487,92,55,111,158,162,205,367,398,43487,2.0%,,,,,,,,,,,,,,,,,,,,,,,,,,,,,,,,,,,,,,,,,,,,,,,,,,,,,,,,,,,,,,,,,,,,,,,,,,,,,,,,,,
,17,,Greece,97,500,306,84,152,203,88,348,410,290,261,148,340,106,639,497,212,373,107,292,305,581,689,246,428,912,1288,980,1281,734,660,951,462,403,366,189,202,36,561,1248,907,487,2146,892,1227,874,380,807,1717,837,731,793,402,2164,1098,406,719,1665,482,1216,630,70,19,28,204,728,302,51,39,93,92,231,441,404,631,574,42459,2.0%,,,,,,,,,,,,,,,,,,,,,,,,,,,,,,,,,,,,,,,,,,,,,,,,,,,,,,,,,,,,,,,,,,,,,,,,,,,,,,,,,,
,18,,Syria,109,1,20,18,9,108,148,473,122,37,38,27,35,89,65,100,525,905,829,875,870,735,1517,3282,3410,1411,527,931,871,2045,1867,1349,1989,2241,1817,1581,1267,1451,1310,663,739,315,277,166,14,25,25,25,45,48,49,23,40,64,20,30,95,15,326,253,420,485,532,498,7,16,18,52,199,104,80,7,,,,2,40681,1.9%,,,,,,,,,,,,,,,,,,,,,,,,,,,,,,,,,,,,,,,,,,,,,,,,,,,,,,,,,,,,,,,,,,,,,,,,,,,,,,,,,,
,19,,United Kingdom,101,246,535,1610,537,322,141,93,554,543,26,34,38,159,133,166,242,1444,2348,2701,70,176,222,239,319,337,251,262,191,232,557,812,766,292,682,355,273,207,285,209,130,953,1147,796,421,496,568,513,770,132,937,1287,721,770,212,31,375,817,575,381,461,347,566,509,217,424,288,1002,463,402,635,886,859,469,486,609,39362,1.8%,,,,,,,,,,,,,,,,,,,,,,,,,,,,,,,,,,,,,,,,,,,,,,,,,,,,,,,,,,,,,,,,,,,,,,,,,,,,,,,,,,
,20,,United Arab Emirates,,,,,,,,,,,,,,,,,,,13,12,67,24,28,88,100,145,275,310,230,39,213,420,155,163,310,145,132,195,45,663,561,237,205,582,571,426,481,690,757,441,244,186,223,676,1145,2072,1925,819,730,604,650,1217,1139,2324,736,1691,1491,909,1165,750,660,577,756,918,1086,868,34285,1.6%,,,,,,,,,,,,,,,,,,,,,,,,,,,,,,,,,,,,,,,,,,,,,,,,,,,,,,,,,,,,,,,,,,,,,,,,,,,,,,,,,,
,21,,Italy,196,278,937,1315,308,578,941,739,398,424,409,427,886,1219,1141,736,412,107,196,611,685,1104,1766,1023,1121,1016,711,517,682,591,468,129,241,303,273,205,198,183,179,196,155,210,192,205,180,322,265,474,56,25,278,234,240,617,490,136,384,467,159,94,98,286,189,71,127,237,734,709,275,178,201,211,237,425,494,566,34069,1.6%,,,,,,,,,,,,,,,,,,,,,,,,,,,,,,,,,,,,,,,,,,,,,,,,,,,,,,,,,,,,,,,,,,,,,,,,,,,,,,,,,,
,22,,Algeria,,,,,,,,,,,,7,63,90,181,354,439,525,58,79,14,14,180,110,13,56,130,1052,1267,1823,1337,1381,1352,700,660,368,163,384,319,455,737,1039,23,22,197,312,83,37,98,388,405,539,252,204,251,159,340,507,1522,1076,831,1133,662,361,715,897,2916,1158,1278,167,601,164,450,394,205,108,33805,1.6%,,,,,,,,,,,,,,,,,,,,,,,,,,,,,,,,,,,,,,,,,,,,,,,,,,,,,,,,,,,,,,,,,,,,,,,,,,,,,,,,,,
,23,,Canada,264,294,1025,1889,1248,1400,751,731,242,317,171,1576,1220,1012,742,563,306,237,336,516,623,457,376,78,229,195,53,90,130,193,442,453,277,649,654,848,849,787,712,37,157,767,407,196,473,405,419,353,111,143,529,520,418,140,341,106,97,478,423,104,242,356,207,202,316,408,246,354,185,187,248,357,214,73,198,83,33432,1.6%,,,,,,,,,,,,,,,,,,,,,,,,,,,,,,,,,,,,,,,,,,,,,,,,,,,,,,,,,,,,,,,,,,,,,,,,,,,,,,,,,,
,24,,Netherlands,158,454,423,972,784,722,1110,717,455,146,255,227,294,767,1014,815,204,751,288,569,699,698,650,21,40,108,285,606,717,792,645,755,1241,1331,1173,892,792,614,393,705,273,322,237,140,205,84,203,126,269,278,123,164,247,128,130,86,304,221,147,262,171,115,190,488,8,51,69,33,139,494,575,512,725,374,333,824,33330,1.6%,,,,,,,,,,,,,,,,,,,,,,,,,,,,,,,,,,,,,,,,,,,,,,,,,,,,,,,,,,,,,,,,,,,,,,,,,,,,,,,,,,
,25,,Libya,,,,,,,,3,,1,14,17,2,3,15,9,26,12,57,152,371,540,534,733,1767,1647,1848,3054,4222,3067,2951,3155,2752,1422,730,746,401,184,9,218,11,,,,,,,,,6,,,,,,1,16,16,16,22,37,8,75,119,,,2,,,34,0,,,34,5,,31061,1.5%,,,,,,,,,,,,,,,,,,,,,,,,,,,,,,,,,,,,,,,,,,,,,,,,,,,,,,,,,,,,,,,,,,,,,,,,,,,,,,,,,,
,26,,East Germany (GDR),26,,181,102,10,10,643,1096,945,593,402,205,764,767,991,924,1341,1191,1258,835,833,574,992,1059,937,564,1320,1096,1141,969,894,853,1060,952,1174,1330,697,393,624,645,398,,,,,,,,,,,,,,,,,,,,,,,,,,,,,,,,,,,,30791,1.4%,,,,,,,,,,,,,,,,,,,,,,,,,,,,,,,,,,,,,,,,,,,,,,,,,,,,,,,,,,,,,,,,,,,,,,,,,,,,,,,,,,
,27,,Soviet Union,36,,,8,70,945,1538,1500,1500,975,692,175,174,237,463,485,585,577,543,578,523,525,795,583,957,771,800,876,803,842,767,804,671,725,914,1004,1422,1500,1654,1206,655,132,,,,,,,,,,,,,,,,,,,,,,,,,,,,,,,,,,,30009,1.4%,,,,,,,,,,,,,,,,,,,,,,,,,,,,,,,,,,,,,,,,,,,,,,,,,,,,,,,,,,,,,,,,,,,,,,,,,,,,,,,,,,
,28,,Czechoslovakia,90,255,715,1615,1010,1062,573,203,562,840,534,663,543,585,573,692,690,754,868,846,743,1100,956,1058,1087,837,213,300,560,498,470,826,899,808,921,1164,815,669,593,875,280,57,,,,,,,,,,,,,,,,,,,,,,,,,,,,,,,,,,,29400,1.4%,,,,,,,,,,,,,,,,,,,,,,,,,,,,,,,,,,,,,,,,,,,,,,,,,,,,,,,,,,,,,,,,,,,,,,,,,,,,,,,,,,
,29,,Viet Nam,,,,,10,19,9,60,26,59,103,95,47,107,266,651,1138,1103,1179,909,1214,1197,1317,1283,859,493,42,42,227,1249,1017,1073,532,916,557,28,78,50,65,128,116,,,,,273,214,111,209,168,11,97,58,22,299,221,42,8,186,61,161,1016,782,360,1225,869,924,783,604,166,38,235,86,45,58,177,27767,1.3%,,,,,,,,,,,,,,,,,,,,,,,,,,,,,,,,,,,,,,,,,,,,,,,,,,,,,,,,,,,,,,,,,,,,,,,,,,,,,,,,,,
,30,,Spain,1,11,11,95,138,228,284,282,199,329,214,103,55,15,51,382,307,303,133,181,234,637,793,895,557,1161,831,312,432,650,689,636,512,614,81,327,1081,1082,1954,835,691,109,207,299,838,355,395,192,82,357,315,140,266,239,288,358,312,343,347,228,272,166,219,155,109,152,104,82,149,35,70,134,198,159,159,237,26389,1.2%,,,,,,,,,,,,,,,,,,,,,,,,,,,,,,,,,,,,,,,,,,,,,,,,,,,,,,,,,,,,,,,,,,,,,,,,,,,,,,,,,,
,31,,North Korea,885,406,235,718,285,371,456,468,874,619,405,69,181,197,168,118,832,846,1308,609,649,1502,482,535,793,561,487,297,354,313,487,347,527,339,112,963,1075,813,818,561,340,251,183,146,79,184,118,54,54,54,63,73,54,35,8,5,5,5,5,4,1,,,,,,,,,,,,,,,,23782,1.1%,,,,,,,,,,,,,,,,,,,,,,,,,,,,,,,,,,,,,,,,,,,,,,,,,,,,,,,,,,,,,,,,,,,,,,,,,,,,,,,,,,
,32,,Indonesia,195,58,14,6,16,25,42,16,687,576,448,780,1026,206,596,317,17,1,0,9,27,92,5,73,73,4,156,62,124,370,898,790,356,224,102,291,433,265,285,249,202,11,51,210,472,284,378,101,85,161,171,22,67,353,77,33,63,578,239,443,221,257,162,833,1195,438,352,1171,357,239,283,366,86,390,185,1277,21729,1.0%,,,,,,,,,,,,,,,,,,,,,,,,,,,,,,,,,,,,,,,,,,,,,,,,,,,,,,,,,,,,,,,,,,,,,,,,,,,,,,,,,,
,33,,France,180,967,1150,1720,1770,1647,1521,743,1133,815,526,321,122,162,1300,378,106,98,123,64,44,57,33,51,46,45,186,194,231,107,70,106,142,108,73,20,100,84,134,107,77,963,439,102,84,99,64,223,171,105,98,61,38,55,93,2,68,75,2,72,103,41,86,104,17,36,38,84,201,104,225,105,130,114,183,236,21480,1.0%,,,,,,,,,,,,,,,,,,,,,,,,,,,,,,,,,,,,,,,,,,,,,,,,,,,,,,,,,,,,,,,,,,,,,,,,,,,,,,,,,,
,34,,Bulgaria,166,88,117,364,689,539,431,304,354,165,482,522,493,553,326,372,218,329,256,533,771,407,460,274,302,390,368,492,876,323,580,984,610,754,945,619,932,449,253,314,755,339,42,1,1,1,122,,,7,,,,2,13,132,22,48,117,119,8,29,5,,,4,,,,2,44,1,3,,,540,20757,1.0%,,,,,,,,,,,,,,,,,,,,,,,,,,,,,,,,,,,,,,,,,,,,,,,,,,,,,,,,,,,,,,,,,,,,,,,,,,,,,,,,,,
,35,,Singapore,,,,,,,6,,,,,,,,,1,8,,6,139,92,171,181,89,282,253,252,171,50,313,371,167,171,242,83,123,84,302,541,231,513,373,115,170,179,302,159,613,798,302,782,246,229,79,374,538,74,396,1106,1403,937,879,746,753,66,152,642,408,562,487,176,226,516,495,378,57,20555,1.0%,,,,,,,,,,,,,,,,,,,,,,,,,,,,,,,,,,,,,,,,,,,,,,,,,,,,,,,,,,,,,,,,,,,,,,,,,,,,,,,,,,
,36,,Belgium,229,461,972,1098,604,345,673,670,887,179,92,132,188,575,652,521,116,39,220,240,514,499,492,562,113,130,184,187,409,779,565,515,433,580,575,287,91,91,407,203,314,125,48,73,47,16,3,50,55,58,36,30,48,21,15,3,15,171,191,87,40,27,33,48,99,52,4,7,1,9,90,255,170,12,508,430,19699,0.9%,,,,,,,,,,,,,,,,,,,,,,,,,,,,,,,,,,,,,,,,,,,,,,,,,,,,,,,,,,,,,,,,,,,,,,,,,,,,,,,,,,
,37,,Romania,7,76,427,873,626,464,450,189,109,100,116,30,179,230,421,520,401,442,591,399,561,471,497,538,673,637,294,348,329,612,516,470,444,284,243,330,455,214,237,296,599,65,187,14,29,2,39,61,170,142,21,24,21,17,283,431,64,101,80,59,107,80,21,20,0,22,177,88,36,13,168,105,186,364,320,421,19635,0.9%,,,,,,,,,,,,,,,,,,,,,,,,,,,,,,,,,,,,,,,,,,,,,,,,,,,,,,,,,,,,,,,,,,,,,,,,,,,,,,,,,,
,38,,Norway,110,123,426,421,19,170,281,144,149,119,153,93,60,227,260,368,759,685,289,538,154,82,68,63,55,49,35,27,24,47,254,435,457,441,337,122,141,192,308,600,435,321,253,180,93,66,151,164,158,151,234,99,95,9,6,14,559,598,602,569,150,607,147,51,16,143,142,353,520,389,459,503,700,200,379,407,19207,0.9%,,,,,,,,,,,,,,,,,,,,,,,,,,,,,,,,,,,,,,,,,,,,,,,,,,,,,,,,,,,,,,,,,,,,,,,,,,,,,,,,,,
,39,,Qatar,,,,,,,,,,,,,,,,,,,2,3,6,16,,,,38,26,55,16,14,57,48,127,460,340,2,2,57,91,10,5,17,63,10,9,10,204,238,302,61,3,,,,,,,27,,286,30,190,335,82,55,490,596,285,613,2230,1082,2288,3336,2006,1194,1054,18472,0.9%,,,,,,,,,,,,,,,,,,,,,,,,,,,,,,,,,,,,,,,,,,,,,,,,,,,,,,,,,,,,,,,,,,,,,,,,,,,,,,,,,,
,40,,Brazil,,615,,133,112,379,55,134,120,130,236,212,62,127,25,149,57,218,236,108,217,171,520,598,256,538,551,525,832,375,338,61,72,88,123,82,139,234,125,742,140,161,98,66,311,267,547,476,200,308,86,573,221,110,85,223,178,188,178,135,256,231,317,217,201,202,111,96,258,125,134,240,469,193,450,462,18207,0.9%,,,,,,,,,,,,,,,,,,,,,,,,,,,,,,,,,,,,,,,,,,,,,,,,,,,,,,,,,,,,,,,,,,,,,,,,,,,,,,,,,,
,41,,Yugoslavia,,185,480,514,524,334,352,229,112,279,205,118,346,374,313,418,476,565,640,435,362,349,376,257,290,746,642,711,596,935,783,603,774,836,323,362,343,361,675,325,306,139,,,,,,,,,,,,,,,,,,,,,,,,,,,,,,,,,,,17993,0.8%,,,,,,,,,,,,,,,,,,,,,,,,,,,,,,,,,,,,,,,,,,,,,,,,,,,,,,,,,,,,,,,,,,,,,,,,,,,,,,,,,,
,42,,Hungary,56,52,13,832,729,222,1,59,259,336,604,580,295,376,747,667,150,287,271,449,24,239,123,394,554,495,378,394,660,485,388,147,183,176,307,229,80,77,42,68,15,22,,928,2,1,156,99,88,152,14,14,,,72,13,253,196,5,4,18,8,,2,7,,14,5,27,16,55,20,40,246,581,402,15898,0.7%,,,,,,,,,,,,,,,,,,,,,,,,,,,,,,,,,,,,,,,,,,,,,,,,,,,,,,,,,,,,,,,,,,,,,,,,,,,,,,,,,,
,43,,Afghanistan,,,,,,4,4,100,225,275,39,55,64,40,56,91,198,230,145,166,120,25,,,47,137,230,75,156,449,632,553,455,269,394,158,210,489,927,1820,1612,1236,,,,,,,,,,,34,,,33,3,40,148,326,365,632,518,253,323,131,170,235,312,379,231,65,,,,,15885,0.7%,,,,,,,,,,,,,,,,,,,,,,,,,,,,,,,,,,,,,,,,,,,,,,,,,,,,,,,,,,,,,,,,,,,,,,,,,,,,,,,,,,
,44,,Kuwait,,,,0,5,1,,,2,,44,4,10,5,56,23,11,,104,126,59,109,30,4,5,77,230,485,504,223,35,13,173,251,454,619,167,50,6,132,324,515,896,694,36,646,1209,482,46,198,226,67,22,42,2,12,5,288,5,8,87,116,31,73,701,317,147,113,96,55,67,1565,1569,497,388,311,15872,0.7%,,,,,,,,,,,,,,,,,,,,,,,,,,,,,,,,,,,,,,,,,,,,,,,,,,,,,,,,,,,,,,,,,,,,,,,,,,,,,,,,,,
,45,,Thailand,62,91,45,25,70,49,10,88,15,10,28,52,113,111,84,87,58,140,88,121,258,243,147,321,114,90,154,111,192,326,318,350,81,247,360,185,162,539,623,284,235,575,429,182,608,530,741,910,62,160,77,109,152,131,138,115,99,8,16,63,60,252,278,383,107,184,346,317,636,293,141,151,271,290,73,33,15603,0.7%,,,,,,,,,,,,,,,,,,,,,,,,,,,,,,,,,,,,,,,,,,,,,,,,,,,,,,,,,,,,,,,,,,,,,,,,,,,,,,,,,,
,46,,Ukraine,,,,,,,,,,,,,,,,,,,,,,,,,,,,,,,,,,,,,,,,,,,,,,,,,,,,,,,,,,,,,,,,,1,22,5,4,67,31,18,44,2967,4294,5341,2264,15057,0.7%,,,,,,,,,,,,,,,,,,,,,,,,,,,,,,,,,,,,,,,,,,,,,,,,,,,,,,,,,,,,,,,,,,,,,,,,,,,,,,,,,,
,47,,Morocco,,,,,,,28,14,10,13,22,37,93,16,16,82,159,149,93,41,80,1,,21,198,207,216,408,419,725,469,800,529,396,74,50,31,32,117,126,137,62,17,98,117,28,89,220,,60,127,11,155,12,14,101,47,27,46,39,347,1289,1052,62,572,47,287,605,462,48,16,53,507,501,130,392,13442,0.6%,,,,,,,,,,,,,,,,,,,,,,,,,,,,,,,,,,,,,,,,,,,,,,,,,,,,,,,,,,,,,,,,,,,,,,,,,,,,,,,,,,
,48,,Sweden,242,298,330,410,289,400,541,253,164,253,227,165,177,335,400,324,299,318,189,172,137,160,196,231,256,292,214,114,229,233,291,495,153,106,108,84,118,125,152,127,94,55,60,46,307,106,98,196,294,224,196,165,74,66,47,78,121,51,52,15,,185,202,58,48,24,70,32,7,7,3,110,318,98,56,146,13311,0.6%,,,,,,,,,,,,,,,,,,,,,,,,,,,,,,,,,,,,,,,,,,,,,,,,,,,,,,,,,,,,,,,,,,,,,,,,,,,,,,,,,,
,49,,Venezuela,59,,25,195,135,64,400,275,120,9,64,32,32,34,6,,69,205,20,8,15,130,165,395,252,230,170,216,59,14,361,908,698,241,234,517,92,73,105,120,189,318,72,37,1,5,37,39,8,85,108,106,44,15,9,21,380,770,741,366,211,600,692,1006,186,138,95,,14,,79,,,98,,,13215,0.6%,,,,,,,,,,,,,,,,,,,,,,,,,,,,,,,,,,,,,,,,,,,,,,,,,,,,,,,,,,,,,,,,,,,,,,,,,,,,,,,,,,
,50,,Peru,2,24,85,17,111,35,175,117,30,175,191,96,14,24,18,52,65,26,188,96,35,157,198,476,561,555,373,933,748,641,676,857,271,320,361,215,250,611,241,11,104,108,130,43,175,47,121,373,52,95,18,10,16,22,47,368,193,172,,43,46,71,5,15,153,211,168,28,103,0,28,62,38,22,1,90,13205,0.6%,,,,,,,,,,,,,,,,,,,,,,,,,,,,,,,,,,,,,,,,,,,,,,,,,,,,,,,,,,,,,,,,,,,,,,,,,,,,,,,,,,
,51,,Denmark,44,132,397,616,286,175,234,125,111,203,142,335,61,137,491,455,66,72,77,19,212,384,156,,39,89,389,391,360,55,480,477,470,231,70,88,16,99,98,187,131,156,72,51,88,134,75,77,120,74,50,148,39,48,232,117,86,133,98,134,22,6,103,34,176,42,103,53,54,55,63,264,214,280,440,278,12720,0.6%,,,,,,,,,,,,,,,,,,,,,,,,,,,,,,,,,,,,,,,,,,,,,,,,,,,,,,,,,,,,,,,,,,,,,,,,,,,,,,,,,,
,52,,Argentina,85,445,38,4,5,0,39,13,69,161,111,205,47,29,19,7,93,143,430,230,257,363,402,248,450,268,499,204,434,451,445,833,406,1309,724,485,219,217,71,6,159,,27,,209,43,21,105,171,276,208,6,15,11,161,3,9,24,21,15,11,16,5,13,6,18,17,47,19,51,7,77,50,22,45,108,12456,0.6%,,,,,,,,,,,,,,,,,,,,,,,,,,,,,,,,,,,,,,,,,,,,,,,,,,,,,,,,,,,,,,,,,,,,,,,,,,,,,,,,,,
,53,,South Africa,37,73,181,51,47,105,253,207,169,68,13,,232,520,302,386,496,299,217,211,511,309,291,369,177,235,419,500,389,125,192,122,44,192,100,25,191,20,17,11,10,26,361,238,239,38,38,11,,21,6,18,,,,262,741,910,493,134,178,208,127,1,50,2,,,,,,,30,30,,30,12308,0.6%,,,,,,,,,,,,,,,,,,,,,,,,,,,,,,,,,,,,,,,,,,,,,,,,,,,,,,,,,,,,,,,,,,,,,,,,,,,,,,,,,,
,54,,Chile,1,247,32,10,42,5,66,32,50,20,308,38,19,123,38,49,74,150,62,13,77,185,51,278,272,196,387,72,192,147,150,147,339,135,513,28,173,155,84,133,132,102,179,84,81,330,163,280,80,206,230,60,75,188,64,446,1097,659,395,329,474,326,61,55,135,135,70,49,74,16,304,66,207,9,14,14,12281,0.6%,,,,,,,,,,,,,,,,,,,,,,,,,,,,,,,,,,,,,,,,,,,,,,,,,,,,,,,,,,,,,,,,,,,,,,,,,,,,,,,,,,
,55,,Switzerland,147,144,303,157,130,218,301,211,229,289,218,37,4,52,263,228,373,177,199,166,142,153,192,123,64,136,142,4,217,226,272,289,175,442,404,341,108,151,179,318,433,469,381,98,114,93,187,375,428,499,15,60,58,117,203,168,83,108,15,36,38,24,2,,5,10,70,,,,,,15,33,,,12061,0.6%,,,,,,,,,,,,,,,,,,,,,,,,,,,,,,,,,,,,,,,,,,,,,,,,,,,,,,,,,,,,,,,,,,,,,,,,,,,,,,,,,,
,56,,Cuba,,8,12,13,20,3,35,11,23,10,153,524,1337,288,252,135,232,163,155,155,155,162,452,420,408,200,316,609,503,410,349,960,960,778,426,352,281,75,167,94,169,159,,,,,,,,,,,,,8,,,,,,,,,,,,,,,,,,,,,,11940,0.6%,,,,,,,,,,,,,,,,,,,,,,,,,,,,,,,,,,,,,,,,,,,,,,,,,,,,,,,,,,,,,,,,,,,,,,,,,,,,,,,,,,
,57,,Jordan,0,,7,0,6,13,30,15,44,4,53,26,66,39,33,56,95,126,48,173,147,90,87,56,132,372,383,457,576,256,359,401,1061,634,629,292,206,133,243,74,16,24,,1,5,19,75,77,248,63,139,160,132,281,168,79,50,180,157,230,87,211,185,72,194,228,243,363,170,213,148,67,50,22,34,,11814,0.6%,,,,,,,,,,,,,,,,,,,,,,,,,,,,,,,,,,,,,,,,,,,,,,,,,,,,,,,,,,,,,,,,,,,,,,,,,,,,,,,,,,
,58,,Malaysia,,,,,,,,,13,18,5,2,31,75,97,10,58,128,91,79,25,192,109,229,74,85,394,146,72,310,127,56,25,275,543,405,141,5,14,37,,33,13,13,308,828,32,553,39,721,26,26,154,190,68,57,184,498,493,1284,213,4,19,82,75,118,270,197,93,68,51,133,71,11,7,,10802,0.5%,,,,,,,,,,,,,,,,,,,,,,,,,,,,,,,,,,,,,,,,,,,,,,,,,,,,,,,,,,,,,,,,,,,,,,,,,,,,,,,,,,
,59,,Portugal,9,21,120,286,373,165,90,153,109,62,35,157,28,41,46,39,244,286,371,339,371,267,17,17,118,327,64,94,130,7,36,57,192,12,109,154,3,9,90,149,74,1012,19,350,453,20,9,2,16,3,2,18,,29,70,158,220,60,145,371,891,170,42,11,3,1,21,8,19,44,45,6,,67,61,90,9701,0.5%,,,,,,,,,,,,,,,,,,,,,,,,,,,,,,,,,,,,,,,,,,,,,,,,,,,,,,,,,,,,,,,,,,,,,,,,,,,,,,,,,,
,60,,Finland,,,18,,,11,15,3,25,41,60,52,48,252,103,81,42,76,23,21,15,4,26,13,172,129,74,12,105,47,328,118,132,112,127,203,98,66,141,86,88,65,442,406,234,195,552,397,560,768,472,7,15,242,67,93,132,149,134,37,41,60,87,254,182,268,122,47,82,86,96,20,12,37,105,51,9479,0.4%,,,,,,,,,,,,,,,,,,,,,,,,,,,,,,,,,,,,,,,,,,,,,,,,,,,,,,,,,,,,,,,,,,,,,,,,,,,,,,,,,,
,61,,Angola,,,,,,,,,,,,,,,,,,,,,,,,,1,233,192,134,133,116,116,264,344,589,501,536,710,1193,971,152,140,,,123,113,1,44,7,150,360,149,157,148,48,8,38,7,35,29,20,,,,31,2,49,156,113,274,170,51,,46,15,16,84,8768,0.4%,,,,,,,,,,,,,,,,,,,,,,,,,,,,,,,,,,,,,,,,,,,,,,,,,,,,,,,,,,,,,,,,,,,,,,,,,,,,,,,,,,
,62,,Ethiopia,2,19,,6,8,1,1,16,19,6,24,4,21,27,4,14,99,31,34,24,90,54,53,5,36,58,113,1133,965,113,330,328,516,403,228,268,348,239,155,47,2,80,,,,,,69,208,152,114,,20,174,239,,,,,,58,76,193,154,33,10,55,51,14,76,25,16,45,2,48,63,7817,0.4%,,,,,,,,,,,,,,,,,,,,,,,,,,,,,,,,,,,,,,,,,,,,,,,,,,,,,,,,,,,,,,,,,,,,,,,,,,,,,,,,,,
,63,,South Vietnam,,,,0,45,87,121,28,20,20,43,111,165,132,85,131,199,261,308,590,656,978,2551,629,352,,,,,,,,,,,,,,,,,,,,,,,,,,,,,,,,,,,,,,,,,,,,,,,,,,,,7511,0.4%,,,,,,,,,,,,,,,,,,,,,,,,,,,,,,,,,,,,,,,,,,,,,,,,,,,,,,,,,,,,,,,,,,,,,,,,,,,,,,,,,,
,64,,Myanmar,4,0,0,16,39,47,30,53,61,29,6,17,14,28,18,19,3,14,6,22,4,28,4,,,53,10,9,25,19,40,,38,,,,9,,,34,278,239,31,331,97,224,115,231,156,141,16,153,156,100,192,179,206,153,80,65,62,668,398,252,112,258,284,210,203,206,217,67,229,132,222,70,7431,0.3%,,,,,,,,,,,,,,,,,,,,,,,,,,,,,,,,,,,,,,,,,,,,,,,,,,,,,,,,,,,,,,,,,,,,,,,,,,,,,,,,,,
,65,,Bangladesh,,,,,,,,,,,,,,,,,,,,,,10,2,76,44,39,70,62,45,1,55,72,128,109,9,124,4,1,242,302,199,79,113,49,61,123,7,26,1,184,200,274,37,8,32,10,221,82,12,,36,120,199,648,207,638,455,334,161,713,70,60,331,74,70,32,7259,0.3%,,,,,,,,,,,,,,,,,,,,,,,,,,,,,,,,,,,,,,,,,,,,,,,,,,,,,,,,,,,,,,,,,,,,,,,,,,,,,,,,,,
,66,,Oman,,,,,,,,,,1,1,,,1,1,1,2,7,5,36,26,62,11,71,67,181,150,250,81,43,12,72,170,347,120,88,49,40,19,117,60,,,55,145,278,285,157,22,,121,32,40,37,49,178,297,12,72,95,31,21,127,492,719,152,422,757,282,88,85,4,4,4,,,7152,0.3%,,,,,,,,,,,,,,,,,,,,,,,,,,,,,,,,,,,,,,,,,,,,,,,,,,,,,,,,,,,,,,,,,,,,,,,,,,,,,,,,,,
,67,,NATO**,,,,,,,,26,26,26,26,22,5,,,,,7,14,14,14,,,,,,,,,,,,1250,1250,1250,802,,,18,36,,,,,,,,,,18,,18,,,,,116,,,420,,,22,,,,12,25,21,70,465,240,240,,120,120,6690,0.3%,,,,,,,,,,,,,,,,,,,,,,,,,,,,,,,,,,,,,,,,,,,,,,,,,,,,,,,,,,,,,,,,,,,,,,,,,,,,,,,,,,
,68,,Colombia,3,8,15,12,36,3,43,15,292,1,5,66,6,32,9,18,32,15,32,121,8,40,171,163,5,291,10,8,12,36,12,28,18,300,660,7,6,4,37,218,13,72,36,68,42,35,49,193,160,44,68,268,173,145,18,18,54,237,110,263,259,145,200,173,170,193,18,91,16,22,80,45,50,3,12,22,6362,0.3%,,,,,,,,,,,,,,,,,,,,,,,,,,,,,,,,,,,,,,,,,,,,,,,,,,,,,,,,,,,,,,,,,,,,,,,,,,,,,,,,,,
,69,,Nigeria,,,,,,,,,,5,,1,8,9,2,56,159,47,50,39,14,12,113,7,24,424,104,90,142,108,474,331,642,41,359,569,211,115,62,15,18,4,59,41,95,2,15,1,,,36,9,6,66,11,,16,62,33,65,223,63,28,30,236,188,61,42,49,18,84,273,53,93,93,21,6323,0.3%,,,,,,,,,,,,,,,,,,,,,,,,,,,,,,,,,,,,,,,,,,,,,,,,,,,,,,,,,,,,,,,,,,,,,,,,,,,,,,,,,,
,70,,Mexico,,7,,12,,,,,16,2,20,30,109,60,38,12,22,15,,,82,48,15,158,61,104,69,39,74,68,75,115,343,116,,8,137,154,103,63,32,40,19,160,136,55,92,495,19,136,215,149,97,20,321,40,78,,23,59,109,225,260,52,89,324,328,215,16,,277,3,,4,46,9,6316,0.3%,,,,,,,,,,,,,,,,,,,,,,,,,,,,,,,,,,,,,,,,,,,,,,,,,,,,,,,,,,,,,,,,,,,,,,,,,,,,,,,,,,
,71,,Philippines,,2,1,32,22,28,39,42,37,68,50,44,11,4,2,99,86,43,16,26,9,90,50,106,60,133,256,198,143,92,75,39,17,116,38,23,,26,12,19,33,34,43,62,72,30,43,72,64,,,10,5,10,34,12,23,16,10,1,3,63,21,83,12,153,228,278,17,191,385,365,280,108,305,846,6064,0.3%,,,,,,,,,,,,,,,,,,,,,,,,,,,,,,,,,,,,,,,,,,,,,,,,,,,,,,,,,,,,,,,,,,,,,,,,,,,,,,,,,,
,72,,Azerbaijan,,,,,,,,,,,,,,,,,,,,,,,,,,,,,,,,,,,,,,,,,,,,50,25,,,,,,3,,89,,4,63,168,213,34,147,163,569,397,398,642,351,287,290,375,44,51,,9,3,75,463,4912,0.2%,,,,,,,,,,,,,,,,,,,,,,,,,,,,,,,,,,,,,,,,,,,,,,,,,,,,,,,,,,,,,,,,,,,,,,,,,,,,,,,,,,
,73,,New Zealand,41,70,147,12,,35,147,90,58,,119,111,8,5,,10,406,4,56,,168,133,23,23,10,51,7,34,,,,31,62,100,41,8,29,5,61,26,23,42,54,36,16,7,7,309,15,305,,45,17,154,95,,6,81,3,56,78,28,30,26,84,89,,,6,3,146,36,171,406,200,,4703,0.2%,,,,,,,,,,,,,,,,,,,,,,,,,,,,,,,,,,,,,,,,,,,,,,,,,,,,,,,,,,,,,,,,,,,,,,,,,,,,,,,,,,
,74,,Sudan,,,,,,,,2,5,4,6,17,34,17,36,5,10,6,13,177,598,87,69,23,3,5,,29,208,46,3,203,90,25,106,66,10,122,77,16,4,46,6,,,3,27,63,,36,,106,50,205,294,113,112,58,120,100,196,191,119,155,70,136,110,66,35,20,,,3,6,50,57,4672,0.2%,,,,,,,,,,,,,,,,,,,,,,,,,,,,,,,,,,,,,,,,,,,,,,,,,,,,,,,,,,,,,,,,,,,,,,,,,,,,,,,,,,
,75,,Ecuador,,,,10,14,124,6,,13,,66,,,3,3,29,9,21,5,1,5,85,41,15,22,42,226,582,224,110,289,122,291,360,322,23,30,26,26,20,3,136,4,18,17,39,29,103,31,27,9,41,1,,,39,47,2,102,77,90,70,89,12,56,27,26,20,5,3,21,16,9,7,19,30,4388,0.2%,,,,,,,,,,,,,,,,,,,,,,,,,,,,,,,,,,,,,,,,,,,,,,,,,,,,,,,,,,,,,,,,,,,,,,,,,,,,,,,,,,
,76,,Bahrain,,,,,,,,,,,,,,,,,,,,,,0,7,0,1,,,2,12,10,22,40,55,10,129,55,133,249,135,66,362,68,51,1,8,71,51,197,8,,299,28,52,1,10,66,63,27,21,,98,4,24,69,1,17,30,27,72,21,27,184,259,294,850,30,4317,0.2%,,,,,,,,,,,,,,,,,,,,,,,,,,,,,,,,,,,,,,,,,,,,,,,,,,,,,,,,,,,,,,,,,,,,,,,,,,,,,,,,,,
,77,,Kazakhstan,,,,,,,,,,,,,,,,,,,,,,,,,,,,,,,,,,,,,,,,,,,,,,99,2,64,,72,121,139,22,,49,44,46,83,38,53,59,63,96,143,83,446,255,221,279,232,270,195,191,223,460,18,4066,0.2%,,,,,,,,,,,,,,,,,,,,,,,,,,,,,,,,,,,,,,,,,,,,,,,,,,,,,,,,,,,,,,,,,,,,,,,,,,,,,,,,,,
,78,,Austria,,,,2,,16,108,149,11,24,16,27,56,201,74,78,61,48,1,12,99,123,93,38,32,12,12,,8,72,177,73,97,145,13,28,19,7,117,84,5,6,5,8,52,30,9,190,247,48,25,15,81,41,56,26,5,269,190,286,5,6,6,5,2,1,13,10,6,18,14,34,5,17,13,29,3907,0.2%,,,,,,,,,,,,,,,,,,,,,,,,,,,,,,,,,,,,,,,,,,,,,,,,,,,,,,,,,,,,,,,,,,,,,,,,,,,,,,,,,,
,79,,South Yemen,,,,,,,,,,,,,,,,,,29,13,58,17,50,112,86,71,14,,8,55,1078,1218,496,41,99,71,52,74,89,12,50,,,,,,,,,,,,,,,,,,,,,,,,,,,,,,,,,,,,,3792,0.2%,,,,,,,,,,,,,,,,,,,,,,,,,,,,,,,,,,,,,,,,,,,,,,,,,,,,,,,,,,,,,,,,,,,,,,,,,,,,,,,,,,
,80,,Russia,,,,,,,,,,,,,,,,,,,,,,,,,,,,,,,,,,,,,,,,,,,40,,,,,,,368,1147,2,,,,,,90,,8,25,10,121,185,207,113,127,94,62,5,1,6,39,95,315,129,3188,0.1%,,,,,,,,,,,,,,,,,,,,,,,,,,,,,,,,,,,,,,,,,,,,,,,,,,,,,,,,,,,,,,,,,,,,,,,,,,,,,,,,,,
,81,,Albania,20,10,21,35,37,98,74,54,59,141,69,74,42,12,8,140,74,163,265,297,250,332,134,106,137,53,5,7,5,,,,,,,,,,,,,,,,,26,,,,,,,,2,,7,,5,,,,,15,7,7,7,,1,1,5,12,1,,1,38,23,2876,0.1%,,,,,,,,,,,,,,,,,,,,,,,,,,,,,,,,,,,,,,,,,,,,,,,,,,,,,,,,,,,,,,,,,,,,,,,,,,,,,,,,,,
,82,,Belarus,,,,,,,,,,,,,,,,,,,,,,,,,,,,,,,,,,,,,,,,,,,,,,,,,41,41,,,,,,6,140,,,3,,75,75,75,66,98,120,158,142,333,13,69,215,178,399,466,2714,0.1%,,,,,,,,,,,,,,,,,,,,,,,,,,,,,,,,,,,,,,,,,,,,,,,,,,,,,,,,,,,,,,,,,,,,,,,,,,,,,,,,,,
,83,,Tunisia,,,,,,,,11,,13,44,6,,7,4,40,,5,17,23,49,0,4,26,14,14,10,73,14,122,103,56,60,103,119,314,,56,17,48,4,20,32,,35,56,68,41,18,12,,,44,1,,168,2,,3,,7,7,,40,50,7,43,98,181,15,16,19,35,35,78,7,2513,0.1%,,,,,,,,,,,,,,,,,,,,,,,,,,,,,,,,,,,,,,,,,,,,,,,,,,,,,,,,,,,,,,,,,,,,,,,,,,,,,,,,,,
,84,,Sri Lanka,0,,0,17,,8,1,2,20,31,4,,,,0,,,,,2,,33,47,,,1,0,17,7,,18,,,,48,42,28,111,19,6,19,168,22,37,77,63,196,59,83,62,294,154,43,34,38,63,96,91,79,21,5,21,,22,5,,,45,100,59,,54,3,5,9,11,2501,0.1%,,,,,,,,,,,,,,,,,,,,,,,,,,,,,,,,,,,,,,,,,,,,,,,,,,,,,,,,,,,,,,,,,,,,,,,,,,,,,,,,,,
,85,,Yemen,,,,,,,,,,,,,,,,,,,,,,,,,,,,,,,,,,,,,,,,,78,113,,,4,167,,,1,52,158,70,585,58,253,316,38,66,41,5,261,47,38,23,6,33,7,6,9,,,,1,,,,2436,0.1%,,,,,,,,,,,,,,,,,,,,,,,,,,,,,,,,,,,,,,,,,,,,,,,,,,,,,,,,,,,,,,,,,,,,,,,,,,,,,,,,,,
,86,,Mongolia,,5,28,5,3,10,9,12,12,,10,66,90,86,120,137,116,63,15,22,15,13,8,58,76,195,31,30,47,29,60,72,156,118,114,98,27,36,27,,,,,,,,,,,,,,,,,,,,15,,64,3,78,,,73,,,,17,,25,3,,,,2294,0.1%,,,,,,,,,,,,,,,,,,,,,,,,,,,,,,,,,,,,,,,,,,,,,,,,,,,,,,,,,,,,,,,,,,,,,,,,,,,,,,,,,,
,87,,North Yemen,0,,4,,,1,,40,8,,,23,,1,,,1,,,,,,,,9,9,0,13,14,744,705,154,45,9,104,108,,,80,,,,,,,,,,,,,,,,,,,,,,,,,,,,,,,,,,,,,,2073,0.1%,,,,,,,,,,,,,,,,,,,,,,,,,,,,,,,,,,,,,,,,,,,,,,,,,,,,,,,,,,,,,,,,,,,,,,,,,,,,,,,,,,
,88,,DR Congo,,,,,,,,,,,2,9,13,32,64,23,27,16,7,28,19,165,15,5,9,445,134,28,38,15,10,12,15,5,16,1,1,36,1,,4,,2,,,0,61,6,10,46,89,11,18,,,26,24,,18,37,156,,15,1,,3,43,,1,,9,,,27,40,44,1882,0.1%,,,,,,,,,,,,,,,,,,,,,,,,,,,,,,,,,,,,,,,,,,,,,,,,,,,,,,,,,,,,,,,,,,,,,,,,,,,,,,,,,,
,89,,Kenya,,,,,,,,,,,,,,,6,15,19,2,2,3,0,26,9,2,28,25,17,58,211,56,119,144,85,17,12,6,26,178,,47,43,14,,,30,,,61,,,15,,,,,,,11,,34,96,35,68,1,17,30,32,17,7,18,71,4,1,,19,117,1851,0.1%,,,,,,,,,,,,,,,,,,,,,,,,,,,,,,,,,,,,,,,,,,,,,,,,,,,,,,,,,,,,,,,,,,,,,,,,,,,,,,,,,,
,90,,Lebanon,0,,1,8,3,17,,40,71,11,,5,13,18,,34,72,80,1,,,10,52,55,41,11,4,8,2,19,37,9,36,93,206,71,,,,,,,40,40,18,42,27,9,8,4,4,,,,,1,,5,1,52,64,1,31,27,6,48,28,48,53,56,45,43,30,14,9,,1781,0.1%,,,,,,,,,,,,,,,,,,,,,,,,,,,,,,,,,,,,,,,,,,,,,,,,,,,,,,,,,,,,,,,,,,,,,,,,,,,,,,,,,,
,91,,Turkmenistan,,,,,,,,,,,,,,,,,,,,,,,,,,,,,,,,,,,,,,,,,,,,,,,,,,,,,,18,21,,,,7,38,32,237,112,69,72,169,433,108,,,,382,,,,,1697,0.1%,,,,,,,,,,,,,,,,,,,,,,,,,,,,,,,,,,,,,,,,,,,,,,,,,,,,,,,,,,,,,,,,,,,,,,,,,,,,,,,,,,
,92,,Cyprus,,,,,,,,,,,,,,,18,22,,,,,,,,9,,,,,,,,,5,19,24,34,41,33,123,28,82,94,26,10,37,34,171,98,7,113,4,180,66,6,16,18,22,16,,,44,41,6,,,,,30,,20,31,12,,8,120,28,1694,0.1%,,,,,,,,,,,,,,,,,,,,,,,,,,,,,,,,,,,,,,,,,,,,,,,,,,,,,,,,,,,,,,,,,,,,,,,,,,,,,,,,,,
,93,,unknown recipient(s),,,,,,,,,,10,10,18,38,67,76,76,58,58,58,58,18,10,10,5,5,,,,,,30,85,86,87,87,87,87,87,87,41,,11,11,19,5,9,3,,4,,,,,0,,,,,12,,8,6,,32,33,13,32,15,21,48,36,3,6,3,,,1664,0.1%,,,,,,,,,,,,,,,,,,,,,,,,,,,,,,,,,,,,,,,,,,,,,,,,,,,,,,,,,,,,,,,,,,,,,,,,,,,,,,,,,,
,94,,Tanzania,,,,,,,,,,,,,,,4,4,22,1,,,11,60,51,121,185,48,,47,67,260,53,121,9,,,,1,,,5,,,18,,5,,4,,,,2,,1,51,,10,12,1,,29,,78,115,130,14,20,20,2,17,,9,53,,,,4,1662,0.1%,,,,,,,,,,,,,,,,,,,,,,,,,,,,,,,,,,,,,,,,,,,,,,,,,,,,,,,,,,,,,,,,,,,,,,,,,,,,,,,,,,
,95,,Cambodia,,,,,4,19,36,10,4,2,1,2,5,11,41,43,37,20,15,18,8,22,104,114,25,,,,43,,34,,,13,67,69,136,50,10,124,48,,,3,74,1,27,22,,,,,,,,,14,56,,4,34,,78,68,,,,,5,1,,35,38,56,,,1649,0.1%,,,,,,,,,,,,,,,,,,,,,,,,,,,,,,,,,,,,,,,,,,,,,,,,,,,,,,,,,,,,,,,,,,,,,,,,,,,,,,,,,,
,96,,Uganda,,,,,,,,,,,,,,,3,1,16,4,27,16,3,3,20,17,46,123,34,7,,,,,14,,,10,,32,1,20,,,,,,32,,,55,39,6,,33,,36,10,5,0,14,28,37,468,213,20,2,7,1,22,10,23,79,8,66,16,,2,1627,0.1%,,,,,,,,,,,,,,,,,,,,,,,,,,,,,,,,,,,,,,,,,,,,,,,,,,,,,,,,,,,,,,,,,,,,,,,,,,,,,,,,,,
,97,,Somalia,,,,,,,,,,,11,2,0,11,,31,53,72,4,1,,,24,165,283,128,185,29,57,90,101,97,61,23,15,42,15,,,,16,,,,,,,,,1,,,,,,,,,,,,,,3,,1,2,2,,8,2,2,,4,4,2,1545,0.1%,,,,,,,,,,,,,,,,,,,,,,,,,,,,,,,,,,,,,,,,,,,,,,,,,,,,,,,,,,,,,,,,,,,,,,,,,,,,,,,,,,
,98,,Czechia,,,,,,,,,,,,,,,,,,,,,,,,,,,,,,,,,,,,,,,,,,,,,,1,35,9,0,1,13,57,42,94,6,600,46,10,25,26,50,112,44,18,,,7,,7,1,8,32,69,148,58,19,1540,0.1%,,,,,,,,,,,,,,,,,,,,,,,,,,,,,,,,,,,,,,,,,,,,,,,,,,,,,,,,,,,,,,,,,,,,,,,,,,,,,,,,,,
,99,,Mozambique,,,,,,,,,,,,,,,,,,,,,,,,,,28,34,152,494,111,52,60,64,59,94,73,6,,,,,,,,,,,,,2,,,,1,,,,,,,,0,0,9,16,5,46,,3,22,1,19,5,3,1,14,1376,0.1%,,,,,,,,,,,,,,,,,,,,,,,,,,,,,,,,,,,,,,,,,,,,,,,,,,,,,,,,,,,,,,,,,,,,,,,,,,,,,,,,,,
,100,,Serbia,,,,,,,,,,,,,,,,,,,,,,,,,,,,,,,,,,,,,,,,,,,4,2,2,8,1,14,7,1,1,27,,,,,,,,,16,,0,,,,23,65,4,84,147,117,164,370,155,146,1356,0.1%,,,,,,,,,,,,,,,,,,,,,,,,,,,,,,,,,,,,,,,,,,,,,,,,,,,,,,,,,,,,,,,,,,,,,,,,,,,,,,,,,,
,101,,Zambia,,,,,,,,,,,,,,,7,16,17,,,7,4,165,29,19,9,48,109,41,42,4,136,253,43,,18,,,,,,,,,,,,8,,,,43,,2,,,0,30,5,2,,,1,61,,,15,44,46,,43,3,20,2,5,1,,1295,0.1%,,,,,,,,,,,,,,,,,,,,,,,,,,,,,,,,,,,,,,,,,,,,,,,,,,,,,,,,,,,,,,,,,,,,,,,,,,,,,,,,,,
,102,,Slovakia,,,,,,,,,,,,,,,,,,,,,,,,,,,,,,,,,,,,,,,,,,,,146,29,208,29,,,,1,,29,,1,4,,0,0,10,9,,2,5,,,,47,34,15,25,1,3,30,181,445,1250,0.1%,,,,,,,,,,,,,,,,,,,,,,,,,,,,,,,,,,,,,,,,,,,,,,,,,,,,,,,,,,,,,,,,,,,,,,,,,,,,,,,,,,
,103,,Uruguay,68,3,39,3,1,2,22,12,9,,17,0,100,0,2,8,6,,10,12,10,16,24,6,5,13,53,2,8,9,22,100,15,17,,12,,,16,41,39,63,25,18,11,12,4,19,27,9,4,,13,,,20,8,3,78,29,20,,,3,9,13,,,10,,25,3,10,,13,1,1173,0.1%,,,,,,,,,,,,,,,,,,,,,,,,,,,,,,,,,,,,,,,,,,,,,,,,,,,,,,,,,,,,,,,,,,,,,,,,,,,,,,,,,,
,104,,Nicaragua,,,,3,15,27,1,2,6,,2,8,6,6,2,0,2,,,,,5,5,10,,,8,19,13,,,44,69,50,167,90,91,157,63,14,107,1,,,,,,,,,,,,,,,,14,,15,,,,,13,14,86,7,,13,,,,,,,1152,0.1%,,,,,,,,,,,,,,,,,,,,,,,,,,,,,,,,,,,,,,,,,,,,,,,,,,,,,,,,,,,,,,,,,,,,,,,,,,,,,,,,,,
,105,,Laos,,,,,1,2,1,1,10,2,3,4,19,15,7,7,14,14,4,10,23,17,14,44,1,37,21,134,26,,35,54,1,94,26,59,,29,18,,8,,,,,,,43,22,30,7,,,0,,4,,,7,26,,15,19,19,,7,,2,136,27,17,3,,3,7,,1148,0.1%,,,,,,,,,,,,,,,,,,,,,,,,,,,,,,,,,,,,,,,,,,,,,,,,,,,,,,,,,,,,,,,,,,,,,,,,,,,,,,,,,,
,106,,Armenia,,,,,,,,,,,,,,,,,,,,,,,,,,,,,,,,,,,,,,,,,,,,2,181,47,68,,,2,,,,,118,,,1,,46,52,5,,52,,,112,22,,248,,32,29,7,32,21,1078,0.1%,,,,,,,,,,,,,,,,,,,,,,,,,,,,,,,,,,,,,,,,,,,,,,,,,,,,,,,,,,,,,,,,,,,,,,,,,,,,,,,,,,
,107,,Lithuania,,,,,,,,,,,,,,,,,,,,,,,,,,,,,,,,,,,,,,,,,,,70,10,,5,15,,15,9,6,16,14,1,47,11,53,4,27,27,8,,,73,10,14,34,7,8,38,119,109,75,97,77,29,1027,0.0%,,,,,,,,,,,,,,,,,,,,,,,,,,,,,,,,,,,,,,,,,,,,,,,,,,,,,,,,,,,,,,,,,,,,,,,,,,,,,,,,,,
,108,,Zimbabwe,1,11,2,7,35,27,8,,61,,15,,16,20,,,,21,,,,5,21,0,2,42,20,4,16,,,15,81,34,33,28,212,29,2,,2,47,63,0,,,,,1,25,8,10,,16,14,25,25,,,,,,,,,,,,,,,,,20,,,1022,0.0%,,,,,,,,,,,,,,,,,,,,,,,,,,,,,,,,,,,,,,,,,,,,,,,,,,,,,,,,,,,,,,,,,,,,,,,,,,,,,,,,,,
,109,,Brunei,,,,,,,,,,,,,,,,5,1,18,1,,5,18,1,1,15,1,0,,46,64,,8,12,85,60,,13,,,,4,4,,,,,17,31,7,4,,5,1,0,0,1,1,,,33,33,229,20,15,121,36,,,,,,,,11,28,,956,0.0%,,,,,,,,,,,,,,,,,,,,,,,,,,,,,,,,,,,,,,,,,,,,,,,,,,,,,,,,,,,,,,,,,,,,,,,,,,,,,,,,,,
,110,,Ghana,,,,,,,,,,1,12,107,20,6,40,40,24,1,,,,,12,13,19,28,39,,18,7,38,48,,,,5,,13,,2,4,1,,,11,,7,5,,8,1,12,1,6,37,0,,16,,6,2,76,39,52,17,13,22,,0,2,12,,40,8,11,5,911,0.0%,,,,,,,,,,,,,,,,,,,,,,,,,,,,,,,,,,,,,,,,,,,,,,,,,,,,,,,,,,,,,,,,,,,,,,,,,,,,,,,,,,
,111,,Croatia,,,,,,,,,,,,,,,,,,,,,,,,,,,,,,,,,,,,,,,,,,1,29,29,53,1,12,45,,,,57,2,24,8,,,20,103,4,10,18,18,,27,11,20,13,3,5,,,29,89,90,141,861,0.0%,,,,,,,,,,,,,,,,,,,,,,,,,,,,,,,,,,,,,,,,,,,,,,,,,,,,,,,,,,,,,,,,,,,,,,,,,,,,,,,,,,
,112,,Cameroon,,,,,,,,,,,,0,,2,0,2,2,3,3,,,8,1,15,,,29,73,,1,,28,113,5,125,16,11,5,2,3,8,,3,,,,5,6,9,4,,6,10,,,5,3,,1,,10,,9,139,124,10,23,8,2,4,2,4,2,2,,,847,0.0%,,,,,,,,,,,,,,,,,,,,,,,,,,,,,,,,,,,,,,,,,,,,,,,,,,,,,,,,,,,,,,,,,,,,,,,,,,,,,,,,,,
,113,,Senegal,,,,,,,,,,,0,8,,0,4,0,2,,1,38,,12,,1,17,,15,41,20,29,,,7,38,4,,14,18,,,,,,,1,6,,,,,,,,,,16,15,12,6,6,4,16,,,9,24,40,48,15,40,22,21,28,172,79,,846,0.0%,,,,,,,,,,,,,,,,,,,,,,,,,,,,,,,,,,,,,,,,,,,,,,,,,,,,,,,,,,,,,,,,,,,,,,,,,,,,,,,,,,
,114,,Ireland,2,,,18,,,8,,1,,1,,,2,12,,,,,,,14,27,8,6,9,,5,28,26,44,12,3,,11,2,38,,24,,,11,,,41,,,,3,35,0,44,21,,27,5,13,26,38,,4,,,,40,43,43,2,5,35,9,,1,63,,14,824,0.0%,,,,,,,,,,,,,,,,,,,,,,,,,,,,,,,,,,,,,,,,,,,,,,,,,,,,,,,,,,,,,,,,,,,,,,,,,,,,,,,,,,
,115,,Georgia,,,,,,,,,,,,,,,,,,,,,,,,,,,,,,,,,,,,,,,,,,,,4,,,,4,28,23,6,85,,1,38,95,97,161,132,38,,2,9,5,1,,,7,41,6,,,2,0,15,,802,0.0%,,,,,,,,,,,,,,,,,,,,,,,,,,,,,,,,,,,,,,,,,,,,,,,,,,,,,,,,,,,,,,,,,,,,,,,,,,,,,,,,,,
,116,,Estonia,,,,,,,,,,,,,,,,,,,,,,,,,,,,,,,,,,,,,,,,,,,2,3,15,17,1,13,4,1,27,,2,14,11,26,4,18,28,42,13,1,2,18,2,18,32,36,19,20,25,20,15,23,115,204,790,0.0%,,,,,,,,,,,,,,,,,,,,,,,,,,,,,,,,,,,,,,,,,,,,,,,,,,,,,,,,,,,,,,,,,,,,,,,,,,,,,,,,,,
,117,,Mali,,,,,,,,,,,,3,10,4,,,1,12,,2,,15,,,,11,89,,,,,91,4,15,13,0,,,2,,1,,,,0,,,9,4,,7,,1,3,,13,,8,3,10,,0,9,7,1,,22,32,27,20,49,39,62,82,25,64,770,0.0%,,,,,,,,,,,,,,,,,,,,,,,,,,,,,,,,,,,,,,,,,,,,,,,,,,,,,,,,,,,,,,,,,,,,,,,,,,,,,,,,,,
,118,,Bolivia,,6,,,2,,,,26,3,6,4,2,4,2,2,1,14,17,1,2,2,12,16,23,17,16,1,11,53,40,28,2,,,18,15,,56,66,,11,25,16,9,2,,,,9,19,,,5,1,1,9,2,3,6,1,25,12,1,46,,27,7,2,34,26,,,,0,,766,0.0%,,,,,,,,,,,,,,,,,,,,,,,,,,,,,,,,,,,,,,,,,,,,,,,,,,,,,,,,,,,,,,,,,,,,,,,,,,,,,,,,,,
,119,,Chad,,,,,,,,,,,1,1,,,,0,,,,,,4,,3,13,10,8,3,,,10,,,37,9,1,29,28,9,56,,,,,3,1,,,7,7,,16,,,,,18,30,83,37,43,1,4,59,58,1,2,6,7,1,4,47,6,32,10,4,707,0.0%,,,,,,,,,,,,,,,,,,,,,,,,,,,,,,,,,,,,,,,,,,,,,,,,,,,,,,,,,,,,,,,,,,,,,,,,,,,,,,,,,,
,120,,Eritrea,,,,,,,,,,,,,,,,,,,,,,,,,,,,,,,,,,,,,,,,,,,,21,20,7,43,53,212,31,20,57,18,17,80,99,,4,,,,,,,,,,,,,,,,,,,682,0.0%,,,,,,,,,,,,,,,,,,,,,,,,,,,,,,,,,,,,,,,,,,,,,,,,,,,,,,,,,,,,,,,,,,,,,,,,,,,,,,,,,,
,121,,Uzbekistan,,,,,,,,,,,,,,,,,,,,,,,,,,,,,,,,,,,,,,,,,,,,,,,,,,,,8,9,,,,,,,,30,,,,19,100,58,5,124,78,92,14,22,17,47,32,655,0.0%,,,,,,,,,,,,,,,,,,,,,,,,,,,,,,,,,,,,,,,,,,,,,,,,,,,,,,,,,,,,,,,,,,,,,,,,,,,,,,,,,,
,122,,Gabon,,,,,,,,,,,,3,,,3,0,2,,4,4,1,24,,2,11,34,47,28,76,,33,36,5,11,100,3,8,10,22,,29,,,,,,,,,,,,,,7,,20,18,,,27,5,1,2,,5,3,,,26,,2,,16,6,,632,0.0%,,,,,,,,,,,,,,,,,,,,,,,,,,,,,,,,,,,,,,,,,,,,,,,,,,,,,,,,,,,,,,,,,,,,,,,,,,,,,,,,,,
,123,,Honduras,,1,2,,1,,9,1,12,1,,,14,,,1,6,,,20,,,,2,,31,30,34,33,9,13,31,34,37,23,34,75,13,44,17,,,,,,,,,,,,,,,,,,,0,,,0,0,20,13,8,,10,1,23,0,4,,,7,,614,0.0%,,,,,,,,,,,,,,,,,,,,,,,,,,,,,,,,,,,,,,,,,,,,,,,,,,,,,,,,,,,,,,,,,,,,,,,,,,,,,,,,,,
,124,,Mauritania,,,,,,,,,,,2,1,1,6,1,1,,,,,21,13,,1,5,5,15,29,17,24,,19,16,,0,3,,,,8,16,18,,,16,3,3,8,4,,31,,27,7,,,,,,,17,5,11,,8,1,35,,1,34,,6,,2,126,,565,0.0%,,,,,,,,,,,,,,,,,,,,,,,,,,,,,,,,,,,,,,,,,,,,,,,,,,,,,,,,,,,,,,,,,,,,,,,,,,,,,,,,,,
,125,,Congo,,,,,,,,,,,1,1,,0,,0,,1,1,23,9,27,2,,7,2,4,,35,26,17,3,11,25,25,3,,,28,44,44,18,,,,,,27,2,2,0,,,8,7,4,1,0,,4,32,5,26,35,6,2,,,0,3,,3,,,9,,531,0.0%,,,,,,,,,,,,,,,,,,,,,,,,,,,,,,,,,,,,,,,,,,,,,,,,,,,,,,,,,,,,,,,,,,,,,,,,,,,,,,,,,,
,126,,Cote d'Ivoire,,,,,,,,,,,,3,1,1,,,2,3,26,2,7,17,1,,18,,,22,15,38,56,19,,,9,,,,,2,,,0,,,2,,0,,2,0,,32,61,9,,,,,,,,,,6,5,5,14,10,15,3,7,22,70,7,15,528,0.0%,,,,,,,,,,,,,,,,,,,,,,,,,,,,,,,,,,,,,,,,,,,,,,,,,,,,,,,,,,,,,,,,,,,,,,,,,,,,,,,,,,
,127,,Latvia,,,,,,,,,,,,,,,,,,,,,,,,,,,,,,,,,,,,,,,,,,,0,8,12,16,0,0,0,4,3,14,4,25,13,5,9,51,46,11,16,27,9,5,5,3,28,30,21,31,10,15,34,47,19,,520,0.0%,,,,,,,,,,,,,,,,,,,,,,,,,,,,,,,,,,,,,,,,,,,,,,,,,,,,,,,,,,,,,,,,,,,,,,,,,,,,,,,,,,
,128,,Botswana,,,,,,,,,,,,,,,,,,,,,,,,,,,,1,1,7,2,11,,,,5,,26,40,4,22,2,2,11,,12,32,71,2,,54,15,1,11,10,,,,,10,10,,6,8,,,5,,5,7,76,16,11,1,11,,511,0.0%,,,,,,,,,,,,,,,,,,,,,,,,,,,,,,,,,,,,,,,,,,,,,,,,,,,,,,,,,,,,,,,,,,,,,,,,,,,,,,,,,,
,129,,El Salvador,0,,,,1,1,,17,,,,,,0,,1,1,0,12,7,13,1,,1,29,46,19,10,3,11,13,5,32,21,65,42,5,,,,,21,4,2,,4,4,,2,,,,19,10,,,,,3,2,2,2,4,1,21,,,1,1,2,4,4,7,4,0,3,484,0.0%,,,,,,,,,,,,,,,,,,,,,,,,,,,,,,,,,,,,,,,,,,,,,,,,,,,,,,,,,,,,,,,,,,,,,,,,,,,,,,,,,,
,130,,Dominican Republic,2,11,43,21,2,6,7,1,17,14,9,15,0,7,5,10,9,1,1,0,1,2,7,0,,2,12,,,,9,5,36,,25,2,0,,3,,,,,,,,4,,6,1,13,5,0,9,36,2,,,,10,51,12,,,,1,0,,,,4,,5,9,10,13,477,0.0%,,,,,,,,,,,,,,,,,,,,,,,,,,,,,,,,,,,,,,,,,,,,,,,,,,,,,,,,,,,,,,,,,,,,,,,,,,,,,,,,,,
,131,,Guinea,,,,,,,,,,18,33,2,,0,0,18,,7,,0,1,4,5,18,24,2,18,8,45,69,,1,1,1,,,39,,,40,1,1,,,,,,,4,,26,6,,2,,1,,0,,,5,1,4,,5,,,2,1,4,,1,,1,6,6,432,0.0%,,,,,,,,,,,,,,,,,,,,,,,,,,,,,,,,,,,,,,,,,,,,,,,,,,,,,,,,,,,,,,,,,,,,,,,,,,,,,,,,,,
,132,,Guatemala,,6,,,2,8,6,,,5,16,,1,7,8,5,,1,16,1,,46,1,0,15,47,15,1,1,5,8,49,16,1,7,25,2,,,4,,,,13,4,4,2,,1,,,,,,,,,,0,,,,2,,,33,,,4,14,,,10,6,,,419,0.0%,,,,,,,,,,,,,,,,,,,,,,,,,,,,,,,,,,,,,,,,,,,,,,,,,,,,,,,,,,,,,,,,,,,,,,,,,,,,,,,,,,
,133,,House of Representatives (Libya)*,,,,,,,,,,,,,,,,,,,,,,,,,,,,,,,,,,,,,,,,,,,,,,,,,,,,,,,,,,,,,,,,,19,37,34,6,12,31,192,5,5,,8,70,418,0.0%,,,,,,,,,,,,,,,,,,,,,,,,,,,,,,,,,,,,,,,,,,,,,,,,,,,,,,,,,,,,,,,,,,,,,,,,,,,,,,,,,,
,134,,Equatorial Guinea,,,,,,,,,,,,,,,,,,,,,,,,,,,,,5,,1,,5,,,,,,,,,,,,,,,,,3,,7,,,7,11,7,28,30,68,3,56,60,2,92,,,,20,,,0,,,12,,415,0.0%,,,,,,,,,,,,,,,,,,,,,,,,,,,,,,,,,,,,,,,,,,,,,,,,,,,,,,,,,,,,,,,,,,,,,,,,,,,,,,,,,,
,135,,Slovenia,,,,,,,,,,,,,,,,,,,,,,,,,,,,,,,,,,,,,,,,,,2,10,22,11,20,31,9,5,21,2,41,2,17,17,3,3,2,,10,40,27,,,1,,,,,,,7,,26,19,,347,0.0%,,,,,,,,,,,,,,,,,,,,,,,,,,,,,,,,,,,,,,,,,,,,,,,,,,,,,,,,,,,,,,,,,,,,,,,,,,,,,,,,,,
,136,,Namibia,,,,,,,,,,,,,,,,,,,,,,,,,,,,,,,,,,,,,,,,,,,,,2,4,,5,5,,,21,11,,16,,75,,25,15,3,1,57,9,2,,3,35,,,,,,,56,0,346,0.0%,,,,,,,,,,,,,,,,,,,,,,,,,,,,,,,,,,,,,,,,,,,,,,,,,,,,,,,,,,,,,,,,,,,,,,,,,,,,,,,,,,
,137,,Rwanda,,,,,,,,,,,,,11,,0,0,,,,,,0,0,2,1,3,,1,,,,,,4,6,3,2,,2,3,3,5,5,,,,1,3,9,21,15,,,,,,3,20,14,11,,,5,15,15,29,,8,3,1,,65,17,37,,,338,0.0%,,,,,,,,,,,,,,,,,,,,,,,,,,,,,,,,,,,,,,,,,,,,,,,,,,,,,,,,,,,,,,,,,,,,,,,,,,,,,,,,,,
,138,,Burkina Faso,,,,,,,,,,,,1,,,1,0,0,,0,1,1,1,,,,14,8,9,,,0,9,1,16,9,2,3,,12,,,4,,7,,,,,,0,,,,,,12,4,4,,3,0,16,3,,,5,7,2,24,7,3,26,12,19,37,34,316,0.0%,,,,,,,,,,,,,,,,,,,,,,,,,,,,,,,,,,,,,,,,,,,,,,,,,,,,,,,,,,,,,,,,,,,,,,,,,,,,,,,,,,
,139,,Togo,,,,,,,,,,,1,,,,0,0,,,1,1,2,1,,4,,15,47,1,9,9,28,19,4,2,,,16,0,0,,,9,8,,3,3,,10,,,,,,,,,,,,,1,,,,15,,,,,6,5,10,59,2,1,5,296,0.0%,,,,,,,,,,,,,,,,,,,,,,,,,,,,,,,,,,,,,,,,,,,,,,,,,,,,,,,,,,,,,,,,,,,,,,,,,,,,,,,,,,
,140,,Niger,,,,,,,,,,,1,1,,,1,1,,,,2,1,12,,,3,,,,2,57,8,,6,25,3,,3,,,,,14,,,,,,3,,,,,,6,,,,,8,1,,,,12,3,10,0,3,1,5,19,16,34,19,4,4,287,0.0%,,,,,,,,,,,,,,,,,,,,,,,,,,,,,,,,,,,,,,,,,,,,,,,,,,,,,,,,,,,,,,,,,,,,,,,,,,,,,,,,,,
,141,,North Macedonia,,,,,,,,,,,,,,,,,,,,,,,,,,,,,,,,,,,,,,,,,,,,,29,0,,,11,81,17,118,,,,,0,,,6,,,0,1,,,0,,,,,,1,5,1,9,279,0.0%,,,,,,,,,,,,,,,,,,,,,,,,,,,,,,,,,,,,,,,,,,,,,,,,,,,,,,,,,,,,,,,,,,,,,,,,,,,,,,,,,,
,142,,Paraguay,5,,1,1,,0,,,,,9,,11,0,8,1,1,5,9,,0,1,12,0,1,20,3,,9,1,18,5,3,0,3,36,6,,13,,6,3,1,,,,2,,,,,6,,,4,1,,,,,3,8,7,0,,,,,,2,,5,,,,24,257,0.0%,,,,,,,,,,,,,,,,,,,,,,,,,,,,,,,,,,,,,,,,,,,,,,,,,,,,,,,,,,,,,,,,,,,,,,,,,,,,,,,,,,
,143,,South Sudan,,,,,,,,,,,,,,,,,,,,,,,,,,,,,,,,,,,,,,,,,,,,,,,,,,,,,,,,,,37,44,1,2,65,2,13,41,19,8,,,,,8,10,,,,249,0.0%,,,,,,,,,,,,,,,,,,,,,,,,,,,,,,,,,,,,,,,,,,,,,,,,,,,,,,,,,,,,,,,,,,,,,,,,,,,,,,,,,,
,144,,Djibouti,,,,,,,,,,,,,,,,,,,,,,,,,,,,3,6,36,5,6,3,3,,1,8,1,,,,1,19,6,,2,,,,,1,,3,,4,7,,,,,,,6,5,15,4,11,,,11,1,46,19,0,,,233,0.0%,,,,,,,,,,,,,,,,,,,,,,,,,,,,,,,,,,,,,,,,,,,,,,,,,,,,,,,,,,,,,,,,,,,,,,,,,,,,,,,,,,
,145,,Northern Alliance (Afghanistan)*,,,,,,,,,,,,,,,,,,,,,,,,,,,,,,,,,,,,,,,,,,,,,,,,,,2,20,210,,,,,,,,,,,,,,,,,,,,,,,,,232,0.0%,,,,,,,,,,,,,,,,,,,,,,,,,,,,,,,,,,,,,,,,,,,,,,,,,,,,,,,,,,,,,,,,,,,,,,,,,,,,,,,,,,
,146,,Trinidad and Tobago,,,,,,,,,,,,,,,,11,0,,,,,,11,2,,,,,,,22,6,,,,,,0,,,,,,,,,,,,,11,0,2,,,,,6,,,24,12,12,,,46,30,,,,,32,,,,,226,0.0%,,,,,,,,,,,,,,,,,,,,,,,,,,,,,,,,,,,,,,,,,,,,,,,,,,,,,,,,,,,,,,,,,,,,,,,,,,,,,,,,,,
,147,,Nepal,,,,,,,,,,,,,,,,2,0,,,,8,8,3,5,2,15,6,,,,,1,,,3,4,,,,1,,,5,,,1,,,,,,12,10,10,36,7,,,1,,,3,,,5,15,9,1,7,38,,0,,,,6,220,0.0%,,,,,,,,,,,,,,,,,,,,,,,,,,,,,,,,,,,,,,,,,,,,,,,,,,,,,,,,,,,,,,,,,,,,,,,,,,,,,,,,,,
,148,,Jamaica,,,,,,,,,,,,,1,1,0,,,3,,,,1,,13,8,4,1,3,4,,,0,,,,5,3,,,4,,,,,,,,,10,10,,,,,,10,10,14,2,,1,,,1,,2,22,,19,3,10,29,,10,10,,213,0.0%,,,,,,,,,,,,,,,,,,,,,,,,,,,,,,,,,,,,,,,,,,,,,,,,,,,,,,,,,,,,,,,,,,,,,,,,,,,,,,,,,,
,149,,Tajikistan,,,,,,,,,,,,,,,,,,,,,,,,,,,,,,,,,,,,,,,,,,,,,29,,,,,,,,,,,,13,7,,34,,,,4,,,7,19,4,5,,,3,0,0,75,200,0.0%,,,,,,,,,,,,,,,,,,,,,,,,,,,,,,,,,,,,,,,,,,,,,,,,,,,,,,,,,,,,,,,,,,,,,,,,,,,,,,,,,,
,150,,Madagascar,,,,,,,,,,,,3,,1,0,8,,12,1,1,,0,0,,17,6,,,,64,43,1,,8,,6,,,,,,,,,,,21,,,,,,,,,,,,,,,,,,,,,,2,1,1,,,,,3,197,0.0%,,,,,,,,,,,,,,,,,,,,,,,,,,,,,,,,,,,,,,,,,,,,,,,,,,,,,,,,,,,,,,,,,,,,,,,,,,,,,,,,,,
,151,,Bosnia-Herzegovina,,,,,,,,,,,,,,,,,,,,,,,,,,,,,,,,,,,,,,,,,,,,6,6,,58,78,2,25,,,,,,,,,,,,,,,,,,0,,0,0,12,,,,1,190,0.0%,,,,,,,,,,,,,,,,,,,,,,,,,,,,,,,,,,,,,,,,,,,,,,,,,,,,,,,,,,,,,,,,,,,,,,,,,,,,,,,,,,
,152,,Guinea-Bissau,,,,,,,,,,,,,,,,,,,,,,,,,21,12,14,,14,24,2,1,,,11,,35,,20,,22,6,,5,,,,,,,,,,,,,,,,,,,,,,,,,,,,,,,,,187,0.0%,,,,,,,,,,,,,,,,,,,,,,,,,,,,,,,,,,,,,,,,,,,,,,,,,,,,,,,,,,,,,,,,,,,,,,,,,,,,,,,,,,
,153,,United Nations**,,,,,,,,,,,16,0,1,,,,,,,,,,,,,,,,,,,,,,,,,,,,,3,,14,49,11,,,1,9,30,,,,2,1,2,1,0,,,,,6,23,3,9,,,,,,,,4,,185,0.0%,,,,,,,,,,,,,,,,,,,,,,,,,,,,,,,,,,,,,,,,,,,,,,,,,,,,,,,,,,,,,,,,,,,,,,,,,,,,,,,,,,
,154,,Bahamas,,,,,,,,,,,,,,,,,,,,,,,,,,,,,11,,,,,,,,33,,,,2,3,,,,,,,,,33,,,,,3,,,,1,,,,,30,16,20,12,,,,,,,,,163,0.0%,,,,,,,,,,,,,,,,,,,,,,,,,,,,,,,,,,,,,,,,,,,,,,,,,,,,,,,,,,,,,,,,,,,,,,,,,,,,,,,,,,
,155,,Sierra Leone,,,,,,,,,,,,,,,,,,,,,,,,28,,,1,,2,,42,,,1,3,,,18,,,,,1,,7,14,,16,,13,,,,,,,9,,,,,2,0,1,,1,2,,,,,,,,,,161,0.0%,,,,,,,,,,,,,,,,,,,,,,,,,,,,,,,,,,,,,,,,,,,,,,,,,,,,,,,,,,,,,,,,,,,,,,,,,,,,,,,,,,
,156,,Panama,,,,,,,,,,,,,,,0,,,,0,3,15,18,2,16,,27,6,4,5,,3,4,13,8,0,7,,,23,2,,,,,,,,,,,,,,,,,,,,,,,,,,,,,,,,,,,,,156,0.0%,,,,,,,,,,,,,,,,,,,,,,,,,,,,,,,,,,,,,,,,,,,,,,,,,,,,,,,,,,,,,,,,,,,,,,,,,,,,,,,,,,
,157,,Malta,,,,,,,,,,,,,,,,,,,,,,,0,0,,,,,8,,1,,,,,,,,,,,,13,,,0,1,6,0,,0,0,4,,4,18,,,,,,8,8,,12,10,6,8,,,,,,45,,,152,0.0%,,,,,,,,,,,,,,,,,,,,,,,,,,,,,,,,,,,,,,,,,,,,,,,,,,,,,,,,,,,,,,,,,,,,,,,,,,,,,,,,,,
,158,,Mauritius,,,,,,,,,,,,,,,,,,,0,,,0,,,2,,,,,3,,,,,,1,,,,,10,,,8,,,33,1,,,,,,,10,,,,,,,,,,28,,28,19,,,,1,4,,,,148,0.0%,,,,,,,,,,,,,,,,,,,,,,,,,,,,,,,,,,,,,,,,,,,,,,,,,,,,,,,,,,,,,,,,,,,,,,,,,,,,,,,,,,
,159,,Papua New Guinea,,,,,,,,,,,,,,,,,,,,,,,,,,32,,3,2,,,2,4,,2,,8,12,6,6,4,10,10,,1,,1,7,,,,,,,,,,,,,,,,,3,,,0,8,,,14,,9,,,144,0.0%,,,,,,,,,,,,,,,,,,,,,,,,,,,,,,,,,,,,,,,,,,,,,,,,,,,,,,,,,,,,,,,,,,,,,,,,,,,,,,,,,,
,160,,Seychelles,,,,,,,,,,,,,,,,,,,,,,,,,,,,1,,19,6,,3,15,,,10,,1,,0,,,,,,,,,,,,,,,15,,,,,,8,,10,16,,8,,10,,,19,,,,,138,0.0%,,,,,,,,,,,,,,,,,,,,,,,,,,,,,,,,,,,,,,,,,,,,,,,,,,,,,,,,,,,,,,,,,,,,,,,,,,,,,,,,,,
,161,,Mujahedin (Afghanistan)*,,,,,,,,,,,,,,,,,,,,,,,,,,,,,,,,,2,2,7,7,29,59,21,11,,,,,,,,,,,,,,,,,,,,,,,,,,,,,,,,,,,,,138,0.0%,,,,,,,,,,,,,,,,,,,,,,,,,,,,,,,,,,,,,,,,,,,,,,,,,,,,,,,,,,,,,,,,,,,,,,,,,,,,,,,,,,
,162,,Central African Republic,,,,,,,,,,,,2,,,,1,2,,3,,,2,,0,,,,,0,,0,1,3,6,1,6,,,2,,,,1,,,,,,,,,,,,,,9,,0,,,7,,,,,,,2,,1,44,2,43,,,138,0.0%,,,,,,,,,,,,,,,,,,,,,,,,,,,,,,,,,,,,,,,,,,,,,,,,,,,,,,,,,,,,,,,,,,,,,,,,,,,,,,,,,,
,163,,Kyrgyzstan,,,,,,,,,,,,,,,,,,,,,,,,,,,,,,,,,,,,,,,,,,,,,,,,,,,,,,10,6,3,2,,,,,,,,,4,8,12,1,15,,5,14,54,,,133,0.0%,,,,,,,,,,,,,,,,,,,,,,,,,,,,,,,,,,,,,,,,,,,,,,,,,,,,,,,,,,,,,,,,,,,,,,,,,,,,,,,,,,
,164,,Luxembourg,,,0,0,,,,,,,,,,,,,,,,,,,,,1,,,,,,,,1,,,,,,,,,,,,,,3,,,1,,,,1,,,,,,8,8,,,,,,,,,3,88,,,1,3,11,130,0.0%,,,,,,,,,,,,,,,,,,,,,,,,,,,,,,,,,,,,,,,,,,,,,,,,,,,,,,,,,,,,,,,,,,,,,,,,,,,,,,,,,,
,165,,Malawi,,,,,,,,,,,,,,,5,,,,,,,,0,,,,2,6,7,8,14,14,,,1,7,10,1,2,4,11,,,,4,,,,,,,,,,,,,,3,,,,1,3,2,3,0,,,,,,19,,2,,129,0.0%,,,,,,,,,,,,,,,,,,,,,,,,,,,,,,,,,,,,,,,,,,,,,,,,,,,,,,,,,,,,,,,,,,,,,,,,,,,,,,,,,,
,166,,Iceland,,,,,,,,,,,20,,,,,,,,27,,,,,,,27,,,,,,,,,,,,,,,,,,,,,,,,,,,,,,,,,,,,50,,,,,,,,,,,,,,,123,0.0%,,,,,,,,,,,,,,,,,,,,,,,,,,,,,,,,,,,,,,,,,,,,,,,,,,,,,,,,,,,,,,,,,,,,,,,,,,,,,,,,,,
,167,,Benin,,,,,,,,,,,,2,1,,2,,1,,,,0,2,,1,,,,,26,6,,,10,3,1,3,,1,0,0,,,,,,,,,,,,,7,,,,,3,,1,0,0,20,3,,,1,,,,1,,3,12,7,4,120,0.0%,,,,,,,,,,,,,,,,,,,,,,,,,,,,,,,,,,,,,,,,,,,,,,,,,,,,,,,,,,,,,,,,,,,,,,,,,,,,,,,,,,
,168,,Guyana,,,,,,,,,,,,,,,,,,,0,,,2,,,3,0,16,5,1,5,4,14,,3,7,23,,,,,,,,,,,,,,,,7,3,,0,,,,0,,,,,,,,,,0,2,,5,,5,9,5,119,0.0%,,,,,,,,,,,,,,,,,,,,,,,,,,,,,,,,,,,,,,,,,,,,,,,,,,,,,,,,,,,,,,,,,,,,,,,,,,,,,,,,,,
,169,,Hezbollah (Lebanon)*,,,,,,,,,,,,,,,,,,,,,,,,,,,,,,,1,1,1,1,1,1,1,1,1,1,0,1,1,1,0,1,2,0,0,0,0,0,9,3,3,3,11,,,33,30,,,,,,,,,,,,,1,,,107,0.0%,,,,,,,,,,,,,,,,,,,,,,,,,,,,,,,,,,,,,,,,,,,,,,,,,,,,,,,,,,,,,,,,,,,,,,,,,,,,,,,,,,
,170,,African Union**,,,,,,,,,,,,,,,,,,,,,,,,,,,,,,,,,,,,,,,,,,,,,,,,,,,,,,,,56,9,,10,,,,,2,,2,,,5,3,,3,8,6,,,104,0.0%,,,,,,,,,,,,,,,,,,,,,,,,,,,,,,,,,,,,,,,,,,,,,,,,,,,,,,,,,,,,,,,,,,,,,,,,,,,,,,,,,,
,171,,LF (Lebanon)*,,,,,,,,,,,,,,,,,,,,,,,,,,,16,,,,,,,,,,,12,53,20,,0,0,,,,,,,,,,,,,,,,,,,,,,,,,,,,,,,,,,102,0.0%,,,,,,,,,,,,,,,,,,,,,,,,,,,,,,,,,,,,,,,,,,,,,,,,,,,,,,,,,,,,,,,,,,,,,,,,,,,,,,,,,,
,172,,Houthi rebels (Yemen)*,,,,,,,,,,,,,,,,,,,,,,,,,,,,,,,,,,,,,,,,,,,,,,,,,,,,,,,,,,,,,,,,,,,8,9,9,9,10,2,15,19,1,,81,0.0%,,,,,,,,,,,,,,,,,,,,,,,,,,,,,,,,,,,,,,,,,,,,,,,,,,,,,,,,,,,,,,,,,,,,,,,,,,,,,,,,,,
,173,,Burundi,,,,,,,,,,,,,,,,,9,2,,3,,,,0,,,,,,,1,5,3,11,2,,,,,6,6,,,,,,,,12,,,1,3,,,,,,,1,2,,5,,,1,3,,,2,,,,,,,81,0.0%,,,,,,,,,,,,,,,,,,,,,,,,,,,,,,,,,,,,,,,,,,,,,,,,,,,,,,,,,,,,,,,,,,,,,,,,,,,,,,,,,,
,174,,Southern rebels (Yemen)*,,,,,,,,,,,,,,,,,,,,,,,,,,,,,,,,,,,,,,,,,,,,,80,,,,,,,,,,,,,,,,,,,,,,,,,,,,,,,,80,0.0%,,,,,,,,,,,,,,,,,,,,,,,,,,,,,,,,,,,,,,,,,,,,,,,,,,,,,,,,,,,,,,,,,,,,,,,,,,,,,,,,,,
,175,,Liberia,,,,,,,,,,1,,,,,2,,,18,,1,,1,1,,,,2,,1,,,,,,1,,3,9,,12,3,,,,,,,,,1,9,,,,,,,,,,,,,,,,,,,1,,,,14,,0,80,0.0%,,,,,,,,,,,,,,,,,,,,,,,,,,,,,,,,,,,,,,,,,,,,,,,,,,,,,,,,,,,,,,,,,,,,,,,,,,,,,,,,,,
,176,,Yemen Arab Republic (North Yemen),,,,,,,,,,,,,,,,,,42,27,11,,,,,,,,,,,,,,,,,,,,,,,,,,,,,,,,,,,,,,,,,,,,,,,,,,,,,,,,,80,0.0%,,,,,,,,,,,,,,,,,,,,,,,,,,,,,,,,,,,,,,,,,,,,,,,,,,,,,,,,,,,,,,,,,,,,,,,,,,,,,,,,,,
,177,,Suriname,,,,,,,,,,,,,,,,,,,,,,,,,,0,5,10,,,,0,2,,8,,5,2,,,,,,,,,,,,23,2,,,,,,,,,,,,0,7,,3,,,,,,,,,12,,80,0.0%,,,,,,,,,,,,,,,,,,,,,,,,,,,,,,,,,,,,,,,,,,,,,,,,,,,,,,,,,,,,,,,,,,,,,,,,,,,,,,,,,,
,178,,Western Sahara,,,,,,,,,,,,,,,,,,,,,,,,,,,,,,0,0,15,,12,12,,32,,2,,5,,,,,,,,,,,,,,,,,,,,,,,,,,0,,,,,,,,,,79,0.0%,,,,,,,,,,,,,,,,,,,,,,,,,,,,,,,,,,,,,,,,,,,,,,,,,,,,,,,,,,,,,,,,,,,,,,,,,,,,,,,,,,
,179,,Cabo Verde,,,,,,,,,,,,,,,,,,,,,,,,,,,2,,,18,,,26,,,,,,,,,,7,,,,,,9,,1,,,,,,,,,2,,,10,,,,,,,3,,,,,,,76,0.0%,,,,,,,,,,,,,,,,,,,,,,,,,,,,,,,,,,,,,,,,,,,,,,,,,,,,,,,,,,,,,,,,,,,,,,,,,,,,,,,,,,
,180,,Haiti,4,,3,,,,4,1,,,6,,,,1,,,,,8,,,,5,5,1,1,0,9,,,3,4,3,,10,,,,,,,,,,,,,,,,,,,,,,,,,,,,,,,,,,,,,,,,1,67,0.0%,,,,,,,,,,,,,,,,,,,,,,,,,,,,,,,,,,,,,,,,,,,,,,,,,,,,,,,,,,,,,,,,,,,,,,,,,,,,,,,,,,
,181,,Amal (Lebanon)*,,,,,,,,,,,,,,,,,,,,,,,,,,,,,,,,,,,,32,31,,,,,,,,,,,,,,,,,,,,,,,,,,,,,,,,,,,,,,,,63,0.0%,,,,,,,,,,,,,,,,,,,,,,,,,,,,,,,,,,,,,,,,,,,,,,,,,,,,,,,,,,,,,,,,,,,,,,,,,,,,,,,,,,
,182,,Fiji,,,,,,,,,,,,,,,,,,,,,,,,,,8,4,,,,,,,,,,,,,,1,,3,,6,12,,,,,,,,,,,,,,,,,,,,,,1,,,7,,,,16,,59,0.0%,,,,,,,,,,,,,,,,,,,,,,,,,,,,,,,,,,,,,,,,,,,,,,,,,,,,,,,,,,,,,,,,,,,,,,,,,,,,,,,,,,
,183,,Maldives,,,,,,,,,,,,,,,,,,,,,,,,,,,,,,,,,,,,,,,,,,,2,,,,,0,8,,,,,,,,15,,,,5,,,5,,,,,,2,3,2,,,7,11,59,0.0%,,,,,,,,,,,,,,,,,,,,,,,,,,,,,,,,,,,,,,,,,,,,,,,,,,,,,,,,,,,,,,,,,,,,,,,,,,,,,,,,,,
,184,,SLA (Lebanon)*,,,,,,,,,,,,,,,,,,,,,,,,,,,14,,,,,,,,,2,10,17,1,,,,,,,,6,,,,,,,,,,,,,,,,,,,,,,,,,,,,,,50,0.0%,,,,,,,,,,,,,,,,,,,,,,,,,,,,,,,,,,,,,,,,,,,,,,,,,,,,,,,,,,,,,,,,,,,,,,,,,,,,,,,,,,
,185,,Lesotho,,,,,,,,,,,,,,,,,,,,,,,,,,,,1,,5,3,,,1,,0,10,,,8,,4,,,,,,,5,,,6,,,1,,1,,,,,,,,,,,1,1,1,,,,,,,49,0.0%,,,,,,,,,,,,,,,,,,,,,,,,,,,,,,,,,,,,,,,,,,,,,,,,,,,,,,,,,,,,,,,,,,,,,,,,,,,,,,,,,,
,186,,Moldova,,,,,,,,,,,,,,,,,,,,,,,,,,,,,,,,,,,,,,,,,,,8,,3,11,,,,,,,,,,,,,,,,,,,,,,,,,,,,13,4,5,42,0.0%,,,,,,,,,,,,,,,,,,,,,,,,,,,,,,,,,,,,,,,,,,,,,,,,,,,,,,,,,,,,,,,,,,,,,,,,,,,,,,,,,,
,187,,Viet Cong (South Vietnam)*,,,,,,,,,,,,,,,,,,,,,,10,10,10,10,,,,,,,,,,,,,,,,,,,,,,,,,,,,,,,,,,,,,,,,,,,,,,,,,,,,40,0.0%,,,,,,,,,,,,,,,,,,,,,,,,,,,,,,,,,,,,,,,,,,,,,,,,,,,,,,,,,,,,,,,,,,,,,,,,,,,,,,,,,,
,188,,Barbados,,,,,,,,,,,,,,,,,,,,,,,,,,,,,,,,9,,,1,,,,,,,,,,,,,,,,,,,,,,,10,10,10,,,,,,,,,,,,,,,,,40,0.0%,,,,,,,,,,,,,,,,,,,,,,,,,,,,,,,,,,,,,,,,,,,,,,,,,,,,,,,,,,,,,,,,,,,,,,,,,,,,,,,,,,
,189,,Palestine,,,,,,,,,,,,,,,,,,,,,,,,,,,,,,,,,,,,,,,,,,,,,5,1,9,,,,,,,,,,,2,,15,5,,,,,,1,,,1,,,,2,,,40,0.0%,,,,,,,,,,,,,,,,,,,,,,,,,,,,,,,,,,,,,,,,,,,,,,,,,,,,,,,,,,,,,,,,,,,,,,,,,,,,,,,,,,
,190,,Gambia,,,,,,,,,,,,,,,,,,,,0,,,,,,,,,,,,3,,,,,,,,12,,,,,,,,,,,,,,,5,,,,,16,,,,,,,,,,,,,1,0,,1,39,0.0%,,,,,,,,,,,,,,,,,,,,,,,,,,,,,,,,,,,,,,,,,,,,,,,,,,,,,,,,,,,,,,,,,,,,,,,,,,,,,,,,,,
,191,,Pathet Lao (Laos)*,,,,,,,,,,,11,11,15,,,,,,,,,,,,,,,,,,,,,,,,,,,,,,,,,,,,,,,,,,,,,,,,,,,,,,,,,,,,,,,,38,0.0%,,,,,,,,,,,,,,,,,,,,,,,,,,,,,,,,,,,,,,,,,,,,,,,,,,,,,,,,,,,,,,,,,,,,,,,,,,,,,,,,,,
,192,,Kosovo,,,,,,,,,,,,,,,,,,,,,,,,,,,,,,,,,,,,,,,,,,,,,,,,,,,,,,,,,,,,,,,,,1,,,,1,,3,9,1,14,,8,38,0.0%,,,,,,,,,,,,,,,,,,,,,,,,,,,,,,,,,,,,,,,,,,,,,,,,,,,,,,,,,,,,,,,,,,,,,,,,,,,,,,,,,,
,193,,Timor-Leste,,,,,,,,,,,,,,,,,,,,,,,,,,,,,,,,,,,,,,,,,,,,,,,,,,,,,,,,,,,,,18,14,,,,,,,,,,,,,,,32,0.0%,,,,,,,,,,,,,,,,,,,,,,,,,,,,,,,,,,,,,,,,,,,,,,,,,,,,,,,,,,,,,,,,,,,,,,,,,,,,,,,,,,
,194,,Lebanon Palestinian rebels*,,,,,,,,,,,,,,,,,,,,,,,,,,,,,,,5,6,7,,,,,,15,,,,,,,,,,,,,,,,,,,,,,,,,,,,,,,,,,,,,,32,0.0%,,,,,,,,,,,,,,,,,,,,,,,,,,,,,,,,,,,,,,,,,,,,,,,,,,,,,,,,,,,,,,,,,,,,,,,,,,,,,,,,,,
,195,,Tonga,,,,,,,,,,,,,,,,,,,,,,,,,,,,,,,,,,,,,0,,,6,6,6,,,,,0,,,,,,,,,,,,,,,,,,,,,,,7,7,,,,,,32,0.0%,,,,,,,,,,,,,,,,,,,,,,,,,,,,,,,,,,,,,,,,,,,,,,,,,,,,,,,,,,,,,,,,,,,,,,,,,,,,,,,,,,
,196,,Costa Rica,,,,,,3,0,,,,,,,1,,,0,,,,,,,1,,3,,,6,2,0,,,,0,1,1,,,2,,,,3,,,,,,,,,,,,,,,,,,,,,,,,,0,8,,,,,,,31,0.0%,,,,,,,,,,,,,,,,,,,,,,,,,,,,,,,,,,,,,,,,,,,,,,,,,,,,,,,,,,,,,,,,,,,,,,,,,,,,,,,,,,
,197,,Montenegro,,,,,,,,,,,,,,,,,,,,,,,,,,,,,,,,,,,,,,,,,,,,,,,,,,,,,,,,,,,,,,,,,,1,0,,15,,5,1,2,,6,1,31,0.0%,,,,,,,,,,,,,,,,,,,,,,,,,,,,,,,,,,,,,,,,,,,,,,,,,,,,,,,,,,,,,,,,,,,,,,,,,,,,,,,,,,
,198,,PLO (Israel)*,,,,,,,,,,,,,,,,,,,,,,,,,,,0,0,,0,4,12,14,,,,0,,,,,,,,,,,,,,,,,,,,,,,,,,,,,,,,,,,,,,,,31,0.0%,,,,,,,,,,,,,,,,,,,,,,,,,,,,,,,,,,,,,,,,,,,,,,,,,,,,,,,,,,,,,,,,,,,,,,,,,,,,,,,,,,
,199,,Contras (Nicaragua)*,,,,,,,,,,,,,,,,,,,,,,,,,,,,,,,,,,7,1,,6,14,,,,,,,,,,,,,,,,,,,,,,,,,,,,,,,,,,,,,,,28,0.0%,,,,,,,,,,,,,,,,,,,,,,,,,,,,,,,,,,,,,,,,,,,,,,,,,,,,,,,,,,,,,,,,,,,,,,,,,,,,,,,,,,
,200,,UNITA (Angola)*,,,,,,,,,,,,,,,,,,,,,,,,,,,,,,,,,,,,,13,14,,1,,,,,,,,,,,,,,,,,,,,,,,,,,,,,,,,,,,,,27,0.0%,,,,,,,,,,,,,,,,,,,,,,,,,,,,,,,,,,,,,,,,,,,,,,,,,,,,,,,,,,,,,,,,,,,,,,,,,,,,,,,,,,
,201,,Solomon Islands,,,,,,,,,,,,,,,,,,,,,,,,,,,,,,,,,,,,,,,6,,,6,,,,,,,,,,,,,,,,,,,,,,,,,,,,7,,7,,,,,26,0.0%,,,,,,,,,,,,,,,,,,,,,,,,,,,,,,,,,,,,,,,,,,,,,,,,,,,,,,,,,,,,,,,,,,,,,,,,,,,,,,,,,,
,202,,Khmer Rouge (Cambodia)*,,,,,,,,,,,,,,,,,,,,,,2,6,2,2,2,,,,,,,,,,,,,2,,9,,,,,,,,,,,,,,,,,,,,,,,,,,,,,,,,,,,,25,0.0%,,,,,,,,,,,,,,,,,,,,,,,,,,,,,,,,,,,,,,,,,,,,,,,,,,,,,,,,,,,,,,,,,,,,,,,,,,,,,,,,,,
,203,,Ukraine Rebels*,,,,,,,,,,,,,,,,,,,,,,,,,,,,,,,,,,,,,,,,,,,,,,,,,,,,,,,,,,,,,,,,,24,,,,,,,,,,,,24,0.0%,,,,,,,,,,,,,,,,,,,,,,,,,,,,,,,,,,,,,,,,,,,,,,,,,,,,,,,,,,,,,,,,,,,,,,,,,,,,,,,,,,
,204,,FNLA (Angola)*,,,,,,,,,,,,,,,,,,,,,,,,,,23,,,,,,,,,,,,,,,,,,,,,,,,,,,,,,,,,,,,,,,,,,,,,,,,,,,23,0.0%,,,,,,,,,,,,,,,,,,,,,,,,,,,,,,,,,,,,,,,,,,,,,,,,,,,,,,,,,,,,,,,,,,,,,,,,,,,,,,,,,,
,205,,RSF (Sudan)*,,,,,,,,,,,,,,,,,,,,,,,,,,,,,,,,,,,,,,,,,,,,,,,,,,,,,,,,,,,,,,,,,,,,,,,,,,,2,17,19,0.0%,,,,,,,,,,,,,,,,,,,,,,,,,,,,,,,,,,,,,,,,,,,,,,,,,,,,,,,,,,,,,,,,,,,,,,,,,,,,,,,,,,
,206,,Regional Security System**,,,,,,,,,,,,,,,,,,,,,,,,,,,,,,,,,,,,,,,,,,,,,,,,,,14,,,,,,,,,,,,,,,,,,,,,,,,,,,14,0.0%,,,,,,,,,,,,,,,,,,,,,,,,,,,,,,,,,,,,,,,,,,,,,,,,,,,,,,,,,,,,,,,,,,,,,,,,,,,,,,,,,,
,207,,Vanuatu,,,,,,,,,,,,,,,,,,,,,,,,,,,,,,,,,,,,,,6,,,,,,,,,,,,,,,,,,,,,,,,,,,,,,,,,,7,,,,,13,0.0%,,,,,,,,,,,,,,,,,,,,,,,,,,,,,,,,,,,,,,,,,,,,,,,,,,,,,,,,,,,,,,,,,,,,,,,,,,,,,,,,,,
,208,,eSwatini,,,,,,,,,,,,,,,,,,,,,,,,,,,,,,6,,,,,,,,,,,,,,,,,,,,,1,1,,,,,,,,,,,,,,,,,,,2,,,,,,10,0.0%,,,,,,,,,,,,,,,,,,,,,,,,,,,,,,,,,,,,,,,,,,,,,,,,,,,,,,,,,,,,,,,,,,,,,,,,,,,,,,,,,,
,209,,Comoros,,,,,,,,,,,,,,,,,,,,,,,,,,,1,1,,,,,,,,,,1,,,,,,,,,,,,,,,,,,,,,6,,,,1,,,,,,,,,,,,,0,10,0.0%,,,,,,,,,,,,,,,,,,,,,,,,,,,,,,,,,,,,,,,,,,,,,,,,,,,,,,,,,,,,,,,,,,,,,,,,,,,,,,,,,,
,210,,Katanga,,,,,,,,,,,1,8,,,,,,,,,,,,,,,,,,,,,,,,,,,,,,,,,,,,,,,,,,,,,,,,,,,,,,,,,,,,,,,,,10,0.0%,,,,,,,,,,,,,,,,,,,,,,,,,,,,,,,,,,,,,,,,,,,,,,,,,,,,,,,,,,,,,,,,,,,,,,,,,,,,,,,,,,
,211,,Biafra,,,,,,,,,,,,,,,,,,8,,1,,,,,,,,,,,,,,,,,,,,,,,,,,,,,,,,,,,,,,,,,,,,,,,,,,,,,,,,,9,0.0%,,,,,,,,,,,,,,,,,,,,,,,,,,,,,,,,,,,,,,,,,,,,,,,,,,,,,,,,,,,,,,,,,,,,,,,,,,,,,,,,,,
,212,,Armas (Guatemala)*,,,,,8,,,,,,,,,,,,,,,,,,,,,,,,,,,,,,,,,,,,,,,,,,,,,,,,,,,,,,,,,,,,,,,,,,,,,,,,8,0.0%,,,,,,,,,,,,,,,,,,,,,,,,,,,,,,,,,,,,,,,,,,,,,,,,,,,,,,,,,,,,,,,,,,,,,,,,,,,,,,,,,,
,213,,GUNT (Chad)*,,,,,,,,,,,,,,,,,,,,,,,,,,,,,,,,,,,,4,4,,,,,,,,,,,,,,,,,,,,,,,,,,,,,,,,,,,,,,,,8,0.0%,,,,,,,,,,,,,,,,,,,,,,,,,,,,,,,,,,,,,,,,,,,,,,,,,,,,,,,,,,,,,,,,,,,,,,,,,,,,,,,,,,
,214,,Bhutan,,,,,,,,,,,,,,,,,,,1,,,,,,,,,,,,,,,,,,,,,,,,,,,,,,,,,,,,0,,,,,,,,,,,1,1,,,,,5,,,,,7,0.0%,,,,,,,,,,,,,,,,,,,,,,,,,,,,,,,,,,,,,,,,,,,,,,,,,,,,,,,,,,,,,,,,,,,,,,,,,,,,,,,,,,
,215,,Haiti rebels*,,,,,,,,,,,,,,,,,,,,7,,,,,,,,,,,,,,,,,,,,,,,,,,,,,,,,,,,,,,,,,,,,,,,,,,,,,,,,,7,0.0%,,,,,,,,,,,,,,,,,,,,,,,,,,,,,,,,,,,,,,,,,,,,,,,,,,,,,,,,,,,,,,,,,,,,,,,,,,,,,,,,,,
,216,,Indonesia rebels*,,,,,,,,,6,,,,,,,,,,,,,,,,,,,,,,,,,,,,,,,,,,,,,,,,,,,,,,,,,,,,,,,,,,,,,,,,,,,,6,0.0%,,,,,,,,,,,,,,,,,,,,,,,,,,,,,,,,,,,,,,,,,,,,,,,,,,,,,,,,,,,,,,,,,,,,,,,,,,,,,,,,,,
,217,,Saint Kitts and Nevis,,,,,,,,,,,,,,,,,,,,,,,,,,,,,,,,,,,,6,,,,,,,,,,,,,,,,,,,,,,,,,,,,,,,,,,,,,,,,,6,0.0%,,,,,,,,,,,,,,,,,,,,,,,,,,,,,,,,,,,,,,,,,,,,,,,,,,,,,,,,,,,,,,,,,,,,,,,,,,,,,,,,,,
,218,,Syria rebels*,,,,,,,,,,,,,,,,,,,,,,,,,,,,,,,,,,,,,,,,,,,,,,,,,,,,,,,,,,,,,,,1,1,0,,,2,,1,,,,,,,5,0.0%,,,,,,,,,,,,,,,,,,,,,,,,,,,,,,,,,,,,,,,,,,,,,,,,,,,,,,,,,,,,,,,,,,,,,,,,,,,,,,,,,,
,219,,LTTE (Sri Lanka)*,,,,,,,,,,,,,,,,,,,,,,,,,,,,,,,,,,,,,,,,,,,,,0,0,,,0,0,1,,3,,,0,,,,,,,,,,,,,,,,,,,,,5,0.0%,,,,,,,,,,,,,,,,,,,,,,,,,,,,,,,,,,,,,,,,,,,,,,,,,,,,,,,,,,,,,,,,,,,,,,,,,,,,,,,,,,
,220,,Belize,,,,,,,,,,,,,,,,,,,,,,,,,,,,,,,,,,,0,,,,,,,,,,,,0,,,,1,,,,,,,,,,,,,,,,2,,,,,,,1,,,5,0.0%,,,,,,,,,,,,,,,,,,,,,,,,,,,,,,,,,,,,,,,,,,,,,,,,,,,,,,,,,,,,,,,,,,,,,,,,,,,,,,,,,,
,221,,ELF (Ethiopia)*,,,,,,,,,,,,,,,,,,,,,,,,,2,2,,,,,,,,,,,,,,,,,,,,,,,,,,,,,,,,,,,,,,,,,,,,,,,,,,,4,0.0%,,,,,,,,,,,,,,,,,,,,,,,,,,,,,,,,,,,,,,,,,,,,,,,,,,,,,,,,,,,,,,,,,,,,,,,,,,,,,,,,,,
,222,,Saint Vincent,,,,,,,,,,,,,,,,,,,,,,,,,,,,,,,,,,,,,,4,,,,,,,,,,,,,,,,,,,,,,,,,,,,,,,,,,,,,,,4,0.0%,,,,,,,,,,,,,,,,,,,,,,,,,,,,,,,,,,,,,,,,,,,,,,,,,,,,,,,,,,,,,,,,,,,,,,,,,,,,,,,,,,
,223,,FMLN (El Salvador)*,,,,,,,,,,,,,,,,,,,,,,,,,,,,,,,,,,,,,,,,1,2,,,,,,,,,,,,,,,,,,,,,,,,,,,,,,,,,,,,3,0.0%,,,,,,,,,,,,,,,,,,,,,,,,,,,,,,,,,,,,,,,,,,,,,,,,,,,,,,,,,,,,,,,,,,,,,,,,,,,,,,,,,,
,224,,Hamas (Palestine)*,,,,,,,,,,,,,,,,,,,,,,,,,,,,,,,,,,,,,,,,,,,,,,,,,,,,,,,,,,,,,1,2,,,0,,,,,,,,,,,,3,0.0%,,,,,,,,,,,,,,,,,,,,,,,,,,,,,,,,,,,,,,,,,,,,,,,,,,,,,,,,,,,,,,,,,,,,,,,,,,,,,,,,,,
,225,,United Wa State (Myanmar)*,,,,,,,,,,,,,,,,,,,,,,,,,,,,,,,,,,,,,,,,,,,,,,,,,,,,1,,,,,,,,,,,,,2,,,,,,,,,,,,3,0.0%,,,,,,,,,,,,,,,,,,,,,,,,,,,,,,,,,,,,,,,,,,,,,,,,,,,,,,,,,,,,,,,,,,,,,,,,,,,,,,,,,,
,226,,Viet Minh (France)*,,,,,3,,,,,,,,,,,,,,,,,,,,,,,,,,,,,,,,,,,,,,,,,,,,,,,,,,,,,,,,,,,,,,,,,,,,,,,,3,0.0%,,,,,,,,,,,,,,,,,,,,,,,,,,,,,,,,,,,,,,,,,,,,,,,,,,,,,,,,,,,,,,,,,,,,,,,,,,,,,,,,,,
,227,,Anti-Castro rebels (Cuba)*,,,,,,,,,,,,2,,,,,,,,,,,,,,,,,,,,,,,,,,,,,,,,,,,,,,,,,,,,,,,,,,,,,,,,,,,,,,,,,2,0.0%,,,,,,,,,,,,,,,,,,,,,,,,,,,,,,,,,,,,,,,,,,,,,,,,,,,,,,,,,,,,,,,,,,,,,,,,,,,,,,,,,,
,228,,EPLF (Ethiopia)*,,,,,,,,,,,,,,,,,,,,,,,,,,,,,,,0,1,1,0,,,,,,,,,,,,,,,,,,,,,,,,,,,,,,,,,,,,,,,,,,,2,0.0%,,,,,,,,,,,,,,,,,,,,,,,,,,,,,,,,,,,,,,,,,,,,,,,,,,,,,,,,,,,,,,,,,,,,,,,,,,,,,,,,,,
,229,,SNA (Somalia)*,,,,,,,,,,,,,,,,,,,,,,,,,,,,,,,,,,,,,,,,,,,,,,,,,2,,,,,,,,,,,,,,,,,,,,,,,,,,,,2,0.0%,,,,,,,,,,,,,,,,,,,,,,,,,,,,,,,,,,,,,,,,,,,,,,,,,,,,,,,,,,,,,,,,,,,,,,,,,,,,,,,,,,
,230,,SPLA (Sudan)*,,,,,,,,,,,,,,,,,,,,,,,,,,,,,,,,,,,,,,1,1,,,,,,,,,,,,,,,,,,,,,,,,,,,,,,,,,,,,,,2,0.0%,,,,,,,,,,,,,,,,,,,,,,,,,,,,,,,,,,,,,,,,,,,,,,,,,,,,,,,,,,,,,,,,,,,,,,,,,,,,,,,,,,
,231,,Kurdistan Regional Government (Iraq)*,,,,,,,,,,,,,,,,,,,,,,,,,,,,,,,,,,,,,,,,,,,,,,,,,,,,,,,,,,,,,,,,,1,1,,,,,,,,,,,2,0.0%,,,,,,,,,,,,,,,,,,,,,,,,,,,,,,,,,,,,,,,,,,,,,,,,,,,,,,,,,,,,,,,,,,,,,,,,,,,,,,,,,,
,232,,Northern Cyprus,,,,,,,,,,,,,,,,,,,,,,,,,,,,,,,,,,,,,,,,,,,,,,,,,1,,,,,,,,,,,,,,,,,,,,,,,,,,,,1,0.0%,,,,,,,,,,,,,,,,,,,,,,,,,,,,,,,,,,,,,,,,,,,,,,,,,,,,,,,,,,,,,,,,,,,,,,,,,,,,,,,,,,
,233,,ZAPU (Zimbabwe)*,,,,,,,,,,,,,,,,,,,,,,,,,,,,1,0,0,,,,,,,,,,,,,,,,,,,,,,,,,,,,,,,,,,,,,,,,,,,,,,,1,0.0%,,,,,,,,,,,,,,,,,,,,,,,,,,,,,,,,,,,,,,,,,,,,,,,,,,,,,,,,,,,,,,,,,,,,,,,,,,,,,,,,,,
,234,,Grenada,,,,,,,,,,,,,,,,,,,,,,,,,,,,,,,,,1,,,,,,,,,,,,,,,,,,,,,,,,,,,,,,,,,,,,,,,,,,,,1,0.0%,,,,,,,,,,,,,,,,,,,,,,,,,,,,,,,,,,,,,,,,,,,,,,,,,,,,,,,,,,,,,,,,,,,,,,,,,,,,,,,,,,
,235,,OSCE**,,,,,,,,,,,,,,,,,,,,,,,,,,,,,,,,,,,,,,,,,,,,,,,,,,,,,,,,,,,,,,,,,1,1,,,,,,,,,,,1,0.0%,,,,,,,,,,,,,,,,,,,,,,,,,,,,,,,,,,,,,,,,,,,,,,,,,,,,,,,,,,,,,,,,,,,,,,,,,,,,,,,,,,
,236,,Provisional IRA (UK)*,,,,,,,,,,,,,,,,,,,,,,,,,,,,,,,,,,,,,0,1,,,,,,,,,,,,,,,,,,,,,,,,,,,,,,,,,,,,,,,1,0.0%,,,,,,,,,,,,,,,,,,,,,,,,,,,,,,,,,,,,,,,,,,,,,,,,,,,,,,,,,,,,,,,,,,,,,,,,,,,,,,,,,,
,237,,FRELIMO (Portugal)*,,,,,,,,,,,,,,,,,,,,,,,,1,,,,,,,,,,,,,,,,,,,,,,,,,,,,,,,,,,,,,,,,,,,,,,,,,,,,,1,0.0%,,,,,,,,,,,,,,,,,,,,,,,,,,,,,,,,,,,,,,,,,,,,,,,,,,,,,,,,,,,,,,,,,,,,,,,,,,,,,,,,,,
,238,,MPLA (Portugal)*,,,,,,,,,,,,,,,,,,,,,,,0,1,,,,,,,,,,,,,,,,,,,,,,,,,,,,,,,,,,,,,,,,,,,,,,,,,,,,,1,0.0%,,,,,,,,,,,,,,,,,,,,,,,,,,,,,,,,,,,,,,,,,,,,,,,,,,,,,,,,,,,,,,,,,,,,,,,,,,,,,,,,,,
,239,,PAIGC (Portugal)*,,,,,,,,,,,,,,,,,,,,,,,0,1,,,,,,,,,,,,,,,,,,,,,,,,,,,,,,,,,,,,,,,,,,,,,,,,,,,,,1,0.0%,,,,,,,,,,,,,,,,,,,,,,,,,,,,,,,,,,,,,,,,,,,,,,,,,,,,,,,,,,,,,,,,,,,,,,,,,,,,,,,,,,
,240,,Darfur rebels (Sudan)*,,,,,,,,,,,,,,,,,,,,,,,,,,,,,,,,,,,,,,,,,,,,,,,,,,,,,,,,,,,,,,,,,,,1,,0,,,,,,,,1,0.0%,,,,,,,,,,,,,,,,,,,,,,,,,,,,,,,,,,,,,,,,,,,,,,,,,,,,,,,,,,,,,,,,,,,,,,,,,,,,,,,,,,
,241,,PKK (Turkiye)*,,,,,,,,,,,,,,,,,,,,,,,,,,,,,,,,,,,,,,,,,,,,,0,,,0,,,,,,,,,,,,,,,,,,0,,,,,,,,,,,1,0.0%,,,,,,,,,,,,,,,,,,,,,,,,,,,,,,,,,,,,,,,,,,,,,,,,,,,,,,,,,,,,,,,,,,,,,,,,,,,,,,,,,,
,242,,Antigua and Barbuda,,,,,,,,,,,,,,,,,,,,,,,,,,,,,,,,,,,,,,,,,,,,,,,,,,,,,,,,,,,,,,,,,,,,,,,,,0,0,,,1,0.0%,,,,,,,,,,,,,,,,,,,,,,,,,,,,,,,,,,,,,,,,,,,,,,,,,,,,,,,,,,,,,,,,,,,,,,,,,,,,,,,,,,
,243,,NTC (Libya)*,,,,,,,,,,,,,,,,,,,,,,,,,,,,,,,,,,,,,,,,,,,,,,,,,,,,,,,,,,,,,,1,,,,,,,,,,,,,,,1,0.0%,,,,,,,,,,,,,,,,,,,,,,,,,,,,,,,,,,,,,,,,,,,,,,,,,,,,,,,,,,,,,,,,,,,,,,,,,,,,,,,,,,
,244,,FAN (Chad)*,,,,,,,,,,,,,,,,,,,,,,,,,,,,,0,,,,,,,,,,,,,,,,,,,,,,,,,,,,,,,,,,,,,,,,,,,,,,,,0,0.0%,,,,,,,,,,,,,,,,,,,,,,,,,,,,,,,,,,,,,,,,,,,,,,,,,,,,,,,,,,,,,,,,,,,,,,,,,,,,,,,,,,
,245,,NLA (Macedonia)*,,,,,,,,,,,,,,,,,,,,,,,,,,,,,,,,,,,,,,,,,,,,,,,,,,,,0,,,,,,,,,,,,,,,,,,,,,,,,,0,0.0%,,,,,,,,,,,,,,,,,,,,,,,,,,,,,,,,,,,,,,,,,,,,,,,,,,,,,,,,,,,,,,,,,,,,,,,,,,,,,,,,,,
,246,,Palestinian Islamic Jihad (Israel/Palestine)*,,,,,,,,,,,,,,,,,,,,,,,,,,,,,,,,,,,,,,,,,,,,,,,,,,,,,,,,,,,,,,,0,,,,,,,,,,,,,,0,0.0%,,,,,,,,,,,,,,,,,,,,,,,,,,,,,,,,,,,,,,,,,,,,,,,,,,,,,,,,,,,,,,,,,,,,,,,,,,,,,,,,,,
,247,,RPF (Rwanda)*,,,,,,,,,,,,,,,,,,,,,,,,,,,,,,,,,,,,,,0,,,,,,,,,,,,,,,,,,,,,,,,,,,,,,,,,,,,,,,0,0.0%,,,,,,,,,,,,,,,,,,,,,,,,,,,,,,,,,,,,,,,,,,,,,,,,,,,,,,,,,,,,,,,,,,,,,,,,,,,,,,,,,,
,248,,RUF (Sierra Leone)*,,,,,,,,,,,,,,,,,,,,,,,,,,,,,,,,,,,,,,,,,,,,,,,,,,0,,,,,,,,,,,,,,,,,,,,,,,,,,,0,0.0%,,,,,,,,,,,,,,,,,,,,,,,,,,,,,,,,,,,,,,,,,,,,,,,,,,,,,,,,,,,,,,,,,,,,,,,,,,,,,,,,,,
,249,,PRC (Israel/Palestine)*,,,,,,,,,,,,,,,,,,,,,,,,,,,,,,,,,,,,,,,,,,,,,,,,,,,,,,,,,,,,,,,,,0,,,,,,,,,,,,0,0.0%,,,,,,,,,,,,,,,,,,,,,,,,,,,,,,,,,,,,,,,,,,,,,,,,,,,,,,,,,,,,,,,,,,,,,,,,,,,,,,,,,,
,250,,ANC (South Africa)*,,,,,,,,,,,,,,,,,,,,,,,,,,,,,,,,,,,,,,,0,,,,,,,,,,,,,,,,,,,,,,,,,,,,,,,,,,,,,,0,0.0%,,,,,,,,,,,,,,,,,,,,,,,,,,,,,,,,,,,,,,,,,,,,,,,,,,,,,,,,,,,,,,,,,,,,,,,,,,,,,,,,,,
,251,,LRA (Uganda)*,,,,,,,,,,,,,,,,,,,,,,,,,,,,,,,,,,,,,,,,,,,,,,,,,,,,,0,,,,,,,,,,,,,,,,,,,,,,,,0,0.0%,,,,,,,,,,,,,,,,,,,,,,,,,,,,,,,,,,,,,,,,,,,,,,,,,,,,,,,,,,,,,,,,,,,,,,,,,,,,,,,,,,
,252,,unknown rebel group*,,,,,,,,,,,,,,,,,,,,,,,,,,,,,,,,,,,,,,,,,,,,,,,,,,,,0,0,,,,,,,,,,,,,,,,,,,,,,,,0,0.0%,,,,,,,,,,,,,,,,,,,,,,,,,,,,,,,,,,,,,,,,,,,,,,,,,,,,,,,,,,,,,,,,,,,,,,,,,,,,,,,,,,
,253,,UIC (Somalia)*,,,,,,,,,,,,,,,,,,,,,,,,,,,,,,,,,,,,,,,,,,,,,,,,,,,,,,,,,0,,,,,,,,,,,,,,,,,,,,0,0.0%,,,,,,,,,,,,,,,,,,,,,,,,,,,,,,,,,,,,,,,,,,,,,,,,,,,,,,,,,,,,,,,,,,,,,,,,,,,,,,,,,,
,254,,MNLF (Philippines)*,,,,,,,,,,,,,,,,,,,,,,,0,,,,,,,,,,,,,,,,,,,,,,,,,,,,,,,,,,,,,,,,,,,,,,,,,,,,,,0,0.0%,,,,,,,,,,,,,,,,,,,,,,,,,,,,,,,,,,,,,,,,,,,,,,,,,,,,,,,,,,,,,,,,,,,,,,,,,,,,,,,,,,
,255,,MTA (Myanmar)*,,,,,,,,,,,,,,,,,,,,,,,,,,,,,,,,,,,,,,,,,,,,0,0,,,,,,,,,,,,,,,,,,,,,,,,,,,,,,,,0,0.0%,,,,,,,,,,,,,,,,,,,,,,,,,,,,,,,,,,,,,,,,,,,,,,,,,,,,,,,,,,,,,,,,,,,,,,,,,,,,,,,,,,
,,,Others,0,0,0,0,0,0,0,0,0,0,0,0,0,0,0,0,0,0,0,0,0,0,0,0,0,0,0,0,0,0,0,0,0,0,0,0,0,0,0,0,0,0,0,0,0,0,0,0,0,0,0,0,0,0,0,0,0,0,0,0,0,0,0,0,0,0,0,0,0,0,0,0,0,0,0,0,0,0.0%,,,,,,,,,,,,,,,,,,,,,,,,,,,,,,,,,,,,,,,,,,,,,,,,,,,,,,,,,,,,,,,,,,,,,,,,,,,,,,,,,,
,,,Total,8150,11477,16619,23559,20442,20486,24664,23621,25041,21209,17600,16398,17526,20273,26727,25821,25770,25573,26129,28136,25270,32851,34526,36300,36584,37148,35973,39967,42371,38356,42226,45806,46203,43912,41611,38167,39023,39395,36766,34908,30232,28161,24306,25820,22947,22942,23732,28886,27912,25383,20518,18495,17681,19146,21275,21389,24528,26511,24120,24444,25832,29928,27937,27407,27127,28722,31481,31279,27368,27036,24055,27084,33297,29527,30721,33535,2133347,100%,,,,,,,,,,,,,,,,,,,,,,,,,,,,,,,,,,,,,,,,,,,,,,,,,,,,,,,,,,,,,,,,,,,,,,,,,,,,,,,,,,
